	cids	SMILES	titles	descriptions	description_names
0	20750601	CC(=O)C1CC2C(C1)O2	1-(6-Oxabicyclo[3.1.0]hexan-3-yl)ethanone		
1	22121382	C1C(CC2C1CC2=O)O	3-Hydroxybicyclo[3.2.0]heptan-6-one		
2	11446324	C1[C@@H](C[C@H]2[C@@H]1CC2=O)O	(1S,3S,5S)-3-hydroxybicyclo[3.2.0]heptan-6-one		
3	21631920	C1[C@H](C[C@@H]2[C@H]1CC2=O)O	(1R,3R,5R)-3-hydroxybicyclo[3.2.0]heptan-6-one		
4	144417214	CCOC1=C(OC=C1)C	3-Ethoxy-2-methylfuran		
5	57550408	CC(=O)C1(CC1)CC=O	2-(1-Acetylcyclopropyl)acetaldehyde		
6	10011910	COC1CCC(=C1)C=O	3-Methoxycyclopentene-1-carbaldehyde		
7	116826535	C1CC(C1)C(=O)C2CO2	Cyclobutyl(oxiran-2-yl)methanone		
8	114535	CCC1CCC(=O)C1=O	3-Ethylcyclopentane-1,2-dione		
9	51374344	CC[C@H]1CCC(=O)C1=O	(3S)-3-ethylcyclopentane-1,2-dione		
10	130410564	CC12CCC(C1)C(=O)O2	1-Methyl-2-oxabicyclo[2.2.1]heptan-3-one		
11	15122666	C1CC(C(C1)C=O)C=O	Cyclopentane-1,2-dicarbaldehyde		
12	130826816	C1C[C@@H]([C@H](C1)C=O)C=O	(1S,2S)-cyclopentane-1,2-dicarbaldehyde		
13	122226831	CC12CC3C(O3)CC1O2	1-Methyl-4,8-dioxatricyclo[5.1.0.03,5]octane		
14	86080684	CC1CC(C(=O)C=C1)O	6-Hydroxy-4-methylcyclohex-2-en-1-one		
15	61634	CC1CC(C(=O)C1=O)C	3,5-Dimethyl-1,2-cyclopentanedione		
16	6997359	C[C@@H]1C[C@@H](C(=O)C1=O)C	3,5-Dimethyl-2-hydroxy-2-cyclopenten-1-one		
17	6997360	C[C@@H]1C[C@H](C(=O)C1=O)C	(3R,5R)-3,5-dimethylcyclopentane-1,2-dione		
18	6997361	C[C@H]1C[C@@H](C(=O)C1=O)C	(3S,5S)-3,5-dimethylcyclopentane-1,2-dione		
19	101003540	C1C/C=C\CC(=O)OC1	(5Z)-2,3,4,7-tetrahydrooxocin-8-one		
20	57090042	CC(=O)CC1(CC1)C=O	1-(2-Oxopropyl)cyclopropane-1-carbaldehyde		
21	70386011	C1COC2CC=CC1O2	2,9-Dioxabicyclo[3.3.1]non-6-ene		
22	124188859	CC12CC(C1)(OC2=O)C	1,4-Dimethyl-2-oxabicyclo[2.1.1]hexan-3-one		
23	130030480	COCC1CC=CC1=O	5-(Methoxymethyl)cyclopent-2-en-1-one		
24	12771785	CC12C(O1)CCCC2=O	1-Methyl-7-oxabicyclo[4.1.0]heptan-2-one		
25	93515720	C[C@@]12[C@@H](O1)CCCC2=O	(1S,6S)-1-methyl-7-oxabicyclo[4.1.0]heptan-2-one		
26	93515721	C[C@]12[C@H](O1)CCCC2=O	(1R,6R)-1-methyl-7-oxabicyclo[4.1.0]heptan-2-one		
27	83854329	CC1C(C=CC1=O)OC	4-Methoxy-5-methylcyclopent-2-en-1-one		
28	12224253	CCCC1=CC(=O)OC1	4-propyl-5H-furan-2-one		
29	130037185	CC12CCC(=O)CC1O2	6-Methyl-7-oxabicyclo[4.1.0]heptan-3-one		
30	131040882	C[C@]12CCC(=O)C[C@H]1O2	(1R,6S)-6-methyl-7-oxabicyclo[4.1.0]heptan-3-one		
31	53781655	C1CC1CC(=O)CC=O	4-Cyclopropyl-3-oxobutanal		
32	135139696	CC[C@]1(C=CCC1=O)O	(2R)-2-ethyl-2-hydroxycyclopent-3-en-1-one		
33	54302898	CCC1=C(C=C(O1)C)O	2-Ethyl-5-methylfuran-3-ol		
34	162523755	C1CC(=O)C2(CC2)OC1	4-Oxaspiro[2.5]octan-8-one		
35	68176732	C1CC2(CC1=O)COC2	2-Oxaspiro[3.4]octan-6-one		
36	14685203	CC1(CCCC1=O)C=O	1-Methyl-2-oxocyclopentane-1-carbaldehyde		
37	101253726	C[C@]1(CCCC1=O)C=O	(1S)-1-methyl-2-oxocyclopentane-1-carbaldehyde		
38	130703400	C[C@@]1(CCCC1=O)C=O	(1R)-1-methyl-2-oxocyclopentane-1-carbaldehyde		
39	57044362	CC1(C(=O)C=CCO1)C	6,6-dimethyl-2H-pyran-5-one		
40	12803676	C1CC2CC1CC(=O)O2	2-Oxabicyclo[3.2.1]octan-3-one		
41	10866334	C1C[C@@H]2C[C@H]1CC(=O)O2	(1R,5S)-2-oxabicyclo[3.2.1]octan-3-one		
42	10953504	C1C[C@H]2C[C@@H]1CC(=O)O2	(1S,5R)-2-Oxabicyclo[3.2.1]octan-3-one		
43	51006445	C1C[C@H]2C[C@H]1CC(=O)O2	(1S,5S)-2-oxabicyclo[3.2.1]octan-3-one		
44	13869859	C1C2CC(C1C3C2O3)O	3-Oxatricyclo[3.2.1.02,4]octan-6-ol		
45	13869861	C1[C@H]2C[C@H]([C@@H]1[C@@H]3[C@H]2O3)O	CID 13869861		
46	101709001	C1[C@@H]2C[C@@H]([C@H]1[C@H]3[C@@H]2O3)O	(1R,2R,4S,5S,6S)-3-oxatricyclo[3.2.1.02,4]octan-6-ol		
47	101801264	C1[C@H]2C[C@@H]([C@@H]1C3C2O3)O	(1S,5R,6S)-3-oxatricyclo[3.2.1.02,4]octan-6-ol		
48	102508054	C1[C@H]2C[C@@H]([C@@H]1[C@@H]3[C@H]2O3)O	(1S,2S,4R,5R,6S)-3-oxatricyclo[3.2.1.02,4]octan-6-ol		
49	130875402	C1[C@H]2C[C@@H]([C@@H]1[C@H]3[C@@H]2O3)O	(1S,2R,4S,5R,6S)-3-oxatricyclo[3.2.1.02,4]octan-6-ol		
50	163931518	C1[C@@H]2C(CC1C3C2O3)O	(5R)-3-oxatricyclo[3.2.1.02,4]octan-6-ol		
51	13699645	CC1=CC(=O)CC1CO	3-Methyl-4-methylol-cyclopent-2-en-1-one		
52	642551	CC1=CC(=O)C[C@H]1CO	(4R)-4-(hydroxymethyl)-3-methylcyclopent-2-en-1-one		
53	86256609	C1C2COCC2C1C=O	3-Oxabicyclo[3.2.0]heptane-6-carbaldehyde		
54	122163505	C1CC1C2CC(=O)CO2	5-Cyclopropyloxolan-3-one		
55	125424297	C1CC1[C@H]2CC(=O)CO2	(5R)-5-cyclopropyloxolan-3-one		
56	125424298	C1CC1[C@@H]2CC(=O)CO2	(5S)-5-cyclopropyloxolan-3-one		
57	102033069	CC1C=CCCC(=O)O1	2-methyl-5,6-dihydro-2H-oxepin-7-one		
58	91093432	CC(CO)C1=COC=C1	2-(Furan-3-yl)propan-1-ol		
59	101419671	C[C@@H](CO)C1=COC=C1	(2R)-2-(furan-3-yl)propan-1-ol		
60	21604852	CC(=O)OC12CC(C1)C2	1-Bicyclo[1.1.1]pentanyl acetate		
61	101489158	CC12CC(=O)CC1(O2)C	1,5-Dimethyl-6-oxabicyclo[3.1.0]hexan-3-one		
62	12836333	C[C@@H]1[C@@H]2[C@@H](O2)CCC1=O	(1R,2R,6S)-2-methyl-7-oxabicyclo[4.1.0]heptan-3-one		
63	134987632	C[C@H]1[C@H]2[C@H](O2)CCC1=O	(1S,2S,6R)-2-methyl-7-oxabicyclo[4.1.0]heptan-3-one		
64	57519234	CC1CC(=O)C=CC1O	4-Hydroxy-5-methylcyclohex-2-en-1-one		
65	11693909	C[C@@H]1CC(=O)C=C[C@H]1O	(4S,5R)-4-hydroxy-5-methylcyclohex-2-en-1-one		
66	70676007	C[C@@H]1CC(=O)C=C[C@@H]1O	(4R,5R)-4-hydroxy-5-methylcyclohex-2-en-1-one		
67	134973013	CC1CC(=O)C=C[C@H]1O	(4S)-4-hydroxy-5-methylcyclohex-2-en-1-one		
68	10855456	CC(CC1=CC=CO1)O	alpha-Methyl-2-furanethanol		
69	58852333	C[C@H](CC1=CC=CO1)O	(1R)-1-methyl-2-furan-2-ylethanol		
70	86307181	C[C@@H](CC1=CC=CO1)O	(S)-1-(Furan-2-yl)propan-2-ol		
71	24973324	CC1CC(=CC(=O)O1)C	4,6-dimethyl-5,6-dihydro-2H-pyran-2-one		
72	11469078	C[C@H]1CC(=CC(=O)O1)C	(2S)-2,4-dimethyl-2,3-dihydropyran-6-one		
73	100944245	C[C@@H]1CC(=CC(=O)O1)C	(2R)-2,4-dimethyl-2,3-dihydropyran-6-one		
74	11040703	C1CC(=O)C2(C1C2)CO	1-(Hydroxymethyl)bicyclo[3.1.0]hexan-2-one		
75	129163557	C1CC(=O)[C@]2([C@@H]1C2)CO	(1R,5S)-1-(hydroxymethyl)bicyclo[3.1.0]hexan-2-one		
76	153470754	C/1CC(=O)OCC/C=C1	(4Z)-2,3,6,7-tetrahydrooxocin-8-one		
77	155647798	C\1CC(=O)OCC/C=C1	(4E)-2,3,6,7-tetrahydrooxocin-8-one		
78	145368519	CCC12CC1COC2=O	1-Ethyl-3-oxabicyclo[3.1.0]hexan-2-one		
79	153767503	C1C=CC2CC1OCO2	2,4-Dioxabicyclo[3.3.1]non-6-ene		
80	100955635	CC1=C[C@H]2[C@H](C[C@@H]1O2)O	(1S,2S,4S)-5-methyl-7-oxabicyclo[2.2.1]hept-5-en-2-ol		
81	100955636	CC1=C[C@@H]2[C@@H](C[C@H]1O2)O	(1R,2R,4R)-5-methyl-7-oxabicyclo[2.2.1]hept-5-en-2-ol		
82	90723577	CC1CC2C(C2O)C1=O	6-Hydroxy-3-methylbicyclo[3.1.0]hexan-2-one		
83	11228798	C1CC=C(C(C1)O)C=O	6-Hydroxycyclohexene-1-carbaldehyde		
84	11686908	C1CC=C([C@H](C1)O)C=O	(6S)-6-hydroxycyclohexene-1-carbaldehyde		
85	101377315	C1CC=C([C@@H](C1)O)C=O	(6R)-6-hydroxycyclohexene-1-carbaldehyde		
86	56606735	CCC1=CC(=C(O1)C)O	5-Ethyl-2-methylfuran-3-ol		
87	14530765	CC12CCC(C1)OC2=O	4-Methyl-2-oxabicyclo[2.2.1]heptan-3-one		
88	82277833	C1COCC2(C1=O)CC2	5-Oxaspiro[2.5]octan-8-one		
89	143240496	CC1=COC=C1COC	3-(Methoxymethyl)-4-methylfuran		
90	12738746	CC1=C(C(=O)CC1O)C	4-Hydroxy-2,3-dimethylcyclopent-2-en-1-one		
91	12738747	CC1=C(C(=O)C[C@@H]1O)C	(4S)-4-hydroxy-2,3-dimethylcyclopent-2-en-1-one		
92	71403633	CC1=C(C(=O)C[C@H]1O)C	(4R)-4-Hydroxy-2,3-dimethylcyclopent-2-en-1-one		
93	69967329	CC1=C(OC=C1)CCO	2-Furanethanol, 3-methyl-		
94	130457477	CC1(C(=O)C2(O1)CC2)C	5,5-Dimethyl-4-oxaspiro[2.3]hexan-6-one		
95	54211225	CCC1=COC=C1OC	3-Ethyl-4-methoxyfuran		
96	101801265	C1[C@H]2C[C@H]3[C@@H]([C@@H]1[C@@H]2O3)O	(1S,2R,3R,5S,6R)-7-oxatricyclo[3.2.1.03,6]octan-2-ol		
97	93769	CCCC1C=CC(=O)O1	5-Propylfuran-2(5H)-one		
98	92282331	CCC[C@@H]1C=CC(=O)O1	(2R)-2-propyl-2H-furan-5-one		
99	92282518	CCC[C@H]1C=CC(=O)O1	(2S)-2-propyl-2H-furan-5-one		
100	105427271	C1CC1C2CC(=O)OC2	4-Cyclopropyloxolan-2-one		
101	23270359	COC(=O)C1C2CC1C2	Methyl bicyclo[1.1.1]pentane-2-carboxylate		
102	102380581	C1CO[C@@H]2[C@H]1OCC=C2	(3aS,7aS)-3,3a,5,7a-tetrahydro-2H-furo[3,2-b]pyran		
103	130027981	CC12CC(C(=O)C1)OC2	4-Methyl-2-oxabicyclo[2.2.1]heptan-6-one		
104	22977901	CC(=O)C1(CCC1)C=O	1-Acetylcyclobutane-1-carbaldehyde		
105	544614	CC1C(C(=O)CC1=O)C	4,5-Dimethyl-1,3-cyclopentanedione		
106	85551307	C1CC2C(C1CC2=O)O	7-Hydroxybicyclo[2.2.1]heptan-2-one		
107	130835392	C1C[C@H]2[C@H]([C@@H]1CC2=O)O	(1S,4S,7S)-7-hydroxybicyclo[2.2.1]heptan-2-one		
108	131057167	C1C[C@H]2[C@@H]([C@@H]1CC2=O)O	(1S,4S,7R)-7-hydroxybicyclo[2.2.1]heptan-2-one		
109	130762536	C1C[C@H]2C(C=C[C@@H]1O2)O	(1S,5R)-8-oxabicyclo[3.2.1]oct-3-en-2-ol		
110	3321360	CC1CCCC(=O)C1=O	3-Methylcyclohexane-1,2-dione		
111	7019252	C[C@H]1CCCC(=O)C1=O	(3S)-3-methylcyclohexane-1,2-dione		
112	7567908	C[C@@H]1CCCC(=O)C1=O	(3R)-3-methylcyclohexane-1,2-dione		
113	13073151	C1C=CC(=O)CC1CO	5-Hydroxymethyl-2-cyclohexenone		
114	10374469	C1C=CC(=O)C[C@@H]1CO	(R)-5-hydroxymethylcyclohex-2-en-1-one		
115	10374470	C1C=CC(=O)C[C@H]1CO	(5S)-5-(hydroxymethyl)cyclohex-2-en-1-one		
116	12662993	C1C=CCC2(C1O2)CO	(7-Oxabicyclo[4.1.0]hept-3-en-1-yl)methanol		
117	10920516	CC1=C(C(=O)OCC1)C	3,4-dimethyl-5,6-dihydro-2H-pyran-2-one		
118	11423594	CC1=C(COC(=O)C1)C	2H-Pyran-2-one, 3,6-dihydro-4,5-dimethyl-		
119	12648864	C1CC2COC(=O)C2C1	Hexahydro-1H-cyclopenta[c]furan-1-one		
120	11007905	C1C[C@H]2COC(=O)[C@H]2C1	(1S,5R)-3-Oxabicyclo[3.3.0]octane-2-one		
121	12648865	C1C[C@@H]2COC(=O)[C@@H]2C1	cis-Hexahydro-cyclopenta[c]furan-1-one		
122	12648866	C1C[C@@H]2COC(=O)C2C1	(6aS)-1,3a,4,5,6,6a-hexahydrocyclopenta[c]furan-3-one		
123	12648867	C1C[C@H]2COC(=O)[C@@H]2C1	(3aR,6aR)-hexahydro-1H-cyclopenta[c]furan-1-one		
124	124415459	C1C[C@@H]2COC(=O)[C@H]2C1	(3aS,6aS)-1,3a,4,5,6,6a-hexahydrocyclopenta[c]furan-3-one		
125	91126189	CC1=CC(CC1=O)CO	4-(Hydroxymethyl)-2-methylcyclopent-2-en-1-one		
126	164005857	CCC1[C@H]2[C@@H]1OC(=O)C2	(1R,5S)-6-ethyl-2-oxabicyclo[3.1.0]hexan-3-one		
127	544568	CCC1CC(=O)CC1=O	4-Ethyl-1,3-cyclopentanedione		
128	84647890	C1C2C(C2CC=O)CO1	2-(3-Oxabicyclo[3.1.0]hexan-6-yl)acetaldehyde		
129	125462128	CC(=O)C12CC(C1)(C2)O	1-{3-Hydroxybicyclo[1.1.1]pentan-1-yl}ethan-1-one		
130	14381125	CC1=C(OC(=C1)CO)C	(4,5-Dimethylfuran-2-yl)methyl alcohol		
131	130031145	CC12CCC(=O)C1(O2)C	1,5-Dimethyl-6-oxabicyclo[3.1.0]hexan-2-one		
132	13926219	CC(C1=CCCC1=O)O	2-(1-Hydroxyethyl)cyclopent-2-en-1-one		
133	53888009	CC1=C[C@H]([C@@H]2[C@H](C1)O2)O	(1R,2R,6S)-4-methyl-7-oxabicyclo[4.1.0]hept-3-en-2-ol		
134	163621499	CC1=C[C@@H](C2C(C1)O2)O	(2S)-4-methyl-7-oxabicyclo[4.1.0]hept-3-en-2-ol		
135	14408046	CC1CC=CCC(=O)O1	2-methyl-3,6-dihydro-2H-oxepin-7-one		
136	22676875	CCOC1C=CCC1=O	2-Ethoxycyclopent-3-en-1-one		
137	54013639	C1CC=C(C1)COC=O	Cyclopenten-1-ylmethyl formate		
138	21853949	CC1=CC(=O)CC1(C)O	4-Hydroxy-3,4-dimethylcyclopent-2-en-1-one		
139	101489156	CC1=CC(=O)C[C@@]1(C)O	(4R)-4-hydroxy-3,4-dimethylcyclopent-2-en-1-one		
140	130815769	CC1=CC(=O)C[C@]1(C)O	(4S)-4-hydroxy-3,4-dimethylcyclopent-2-en-1-one		
141	12732766	C1CC2CC1C(C2=O)O	3-Hydroxybicyclo[2.2.1]heptan-2-one		
142	10887906	C1C[C@@H]2C[C@H]1[C@H](C2=O)O	(1R,3R,4S)-3-hydroxybicyclo[2.2.1]heptan-2-one		
143	101920745	C1C[C@@H]2C[C@@H]1[C@@H](C2=O)O	(1R,3S,4R)-3-hydroxybicyclo[2.2.1]heptan-2-one		
144	101920746	C1C[C@H]2C[C@H]1[C@H](C2=O)O	(1S,3R,4S)-3-hydroxybicyclo[2.2.1]heptan-2-one		
145	131019665	C1CC2C[C@H]1C(=O)[C@H]2O	(1S,3S)-3-hydroxybicyclo[2.2.1]heptan-2-one		
146	131020785	C1CC2C[C@H]1[C@H](C2=O)O	(3R,4S)-3-hydroxybicyclo[2.2.1]heptan-2-one		
147	70380446	COC12CCC(O1)C=C2	1-Methoxy-7-oxabicyclo[2.2.1]hept-2-ene		
148	10034638	C[C@@]1(C[C@H]2C=C[C@@H]1O2)O	(1S,2S,4S)-2-methyl-7-oxabicyclo[2.2.1]hept-5-en-2-ol		
149	21434816	C1C=CC(C1O)CC=O	2-(5-Hydroxycyclopent-2-en-1-yl)acetaldehyde		
150	54392159	C1C=C[C@H]([C@H]1O)CC=O	2-[(1R,5S)-5-hydroxycyclopent-2-en-1-yl]acetaldehyde		
151	88824967	C1C=C[C@@H]([C@@H]1O)CC=O	2-[(1S,5R)-5-hydroxycyclopent-2-en-1-yl]acetaldehyde		
152	118167261	C1CC(CC=C1)(C=O)O	1-Hydroxycyclohex-3-ene-1-carbaldehyde		
153	12610605	CC(C)C1=CCOC1=O	Isopropylbutenolide		
154	86178457	CC(=O)C(=O)C1CCC1	1-Cyclobutylpropane-1,2-dione		
155	130909528	CC[C@]12CCC(=O)[C@H]1O2	(1S,5S)-5-ethyl-6-oxabicyclo[3.1.0]hexan-2-one		
156	13244266	C1CC(=O)CCC(=O)C1	1,4-Cycloheptanedione		
157	144538207	C1C[C@@H](C(C=C1)C=O)O	(6S)-6-hydroxycyclohex-2-ene-1-carbaldehyde		
158	142999153	C1CC12CCOC(=O)C2	6-Oxaspiro[2.5]octan-7-one		
159	115011125	C1CC(C1)C(=O)CC=O	3-Cyclobutyl-3-oxopropanal		
160	14690108	C1[C@@H](C2CC1C2)OC=O	[(2S)-2-bicyclo[2.1.1]hexanyl] formate		
161	13182325	C1C(CC2C=CC1O2)O	8-Oxabicyclo[3.2.1]oct-6-en-3-ol		
162	10582787	C1[C@@H]2C=C[C@@H](O2)CC1O	(3-exo)-8-Oxabicyclo[3.2.1]oct-6-en-3-ol		
163	13182327	C1[C@H]2C=C[C@@H](O2)CC1O	(1S,5S)-8-oxabicyclo[3.2.1]oct-6-en-3-ol		
164	15498801	C[C@@H]1CC[C@@H]2[C@H]1C(=O)O2	(1S,2R,5R)-2-methyl-6-oxabicyclo[3.2.0]heptan-7-one		
165	58488561	C1C2CC(C1C(=O)C2)O	6-Hydroxynorcamphor		
166	11309513	C1[C@@H]2CC([C@H]1C(=O)C2)O	(1S,4R)-6-hydroxybicyclo[2.2.1]heptan-2-one		
167	101920743	C1[C@H]2C[C@H]([C@@H]1C(=O)C2)O	(1R,4S,6R)-6-hydroxybicyclo[2.2.1]heptan-2-one		
168	101920744	C1[C@@H]2C[C@@H]([C@H]1C(=O)C2)O	(1S,4R,6S)-6-hydroxybicyclo[2.2.1]heptan-2-one		
169	131019890	C1[C@@H]2C[C@@H]([C@@H]1C(=O)C2)O	(1R,4R,6S)-6-hydroxybicyclo[2.2.1]heptan-2-one		
170	154254748	CCC1=CC(=CO1)OC	2-Ethyl-4-methoxyfuran		
171	15305589	C1CC(=O)C2(C1O)CC2	7-Hydroxyspiro[2.4]heptan-4-one		
172	15305590	C1CC(=O)C2([C@H]1O)CC2	(4S)-4-hydroxyspiro[2.4]heptan-7-one		
173	85855310	CCOC1=CC(=CO1)C	2-Ethoxy-4-methylfuran		
174	130031064	C1CC2CC1C(=O)CO2	2-Oxabicyclo[3.2.1]octan-4-one		
175	121207483	C1C(CC12CC(=O)C2)O	6-Hydroxyspiro[3.3]heptan-2-one		
176	154733284	C1CC(=O)C2C1COC2	Hexahydro-cyclopenta[c]furan-4-one		
177	155920815	C1CC(=O)[C@H]2[C@@H]1COC2	cis-Hexahydro-cyclopenta[c]furan-4-one		
178	53730616	C1CC(=CC2C1O2)CO	7-Oxabicyclo[4.1.0]hept-2-en-3-ylmethanol		
179	21681718	C1CC2CC(=O)C2OC1	2-Oxabicyclo[4.2.0]octan-8-one		
180	12858598	CC1=COC(=C1CO)C	(2,4-Dimethylfuran-3-yl)methanol		
181	86128862	C1CC2C(O2)CC(=O)C1	8-Oxabicyclo[5.1.0]octan-3-one		
182	11062390	CC1=CC=C(O1)CCO	2-Furanethanol, 5-methyl-		
183	19779552	C1C=C(CC2C1O2)CO	7-Oxabicyclo[4.1.0]hept-3-en-3-ylmethanol		
184	89230151	C1C=CC(CC1O)C=O	5-Hydroxycyclohex-2-ene-1-carbaldehyde		
185	53814970	CCC1=C(C=CO1)OC	2-Ethyl-3-methoxyfuran		
186	88830462	CCC12C(O1)CCC2=O	1-Ethyl-6-oxabicyclo[3.1.0]hexan-2-one		
187	126970285	CC1(CC1C(=O)C=O)C	2-(2,2-Dimethylcyclopropyl)-2-oxoacetaldehyde		
188	130067848	C1CC(=O)CC2(C1)CO2	CID 130067848		
189	76004605	CC1C(CC=CC1=O)O	5-Hydroxy-6-methylcyclohex-2-en-1-one		
190	53305517	C[C@H]1[C@H](CC=CC1=O)O	(5S,6S)-5-hydroxy-6-methylcyclohex-2-en-1-one		
191	57144733	C1CC2C(=CC1O2)CO	7-Oxabicyclo[2.2.1]hept-2-en-2-ylmethanol		
192	89126396	C1C=CCC(C1C=O)O	6-Hydroxycyclohex-3-ene-1-carbaldehyde		
193	131974430	C1C=CC[C@H]([C@H]1C=O)O	(1S,6R)-6-hydroxycyclohex-3-ene-1-carbaldehyde		
194	71419973	CC1C2CCC(C1=O)O2	3-Methyl-7-oxabicyclo[2.2.1]heptan-2-one		
195	21587118	C[C@@H]1[C@H]2CC[C@@H](C1=O)O2	(1S,3R,4R)-3-methyl-7-oxabicyclo[2.2.1]heptan-2-one		
196	126545569	C1CC2(CC2)COC1=O	5-Oxaspiro[2.5]octan-6-one		
197	68201218	C1CCOC(=O)C=CC1	2,3,4,5-Tetrahydrooxocin-8-one		
198	14472354	C1CCOC(=O)/C=C\C1	Heptaene lactone		
199	154096110	CCOC1=C(C=CO1)C	2-Ethoxy-3-methylfuran		
200	23270357	CC(=O)OC1C2CC1C2	2-Bicyclo[1.1.1]pentanyl acetate		
201	20692457	CC(=O)C1CC=CCO1	1-(3,6-dihydro-2H-pyran-2-yl)ethanone		
202	59970369	CC(=O)[C@@H]1CC=CCO1	1-[(2S)-3,6-dihydro-2H-pyran-2-yl]ethanone		
203	15422148	CC1=CC(CCC1=O)O	4-Hydroxy-2-methylcyclohex-2-en-1-one		
204	101946038	CC1=C[C@@H](CCC1=O)O	(4R)-4-hydroxy-2-methylcyclohex-2-en-1-one		
205	131106116	CC1=C[C@H](CCC1=O)O	(4S)-4-hydroxy-2-methylcyclohex-2-en-1-one		
206	11116066	CCC1=CCCOC1=O	2H-Pyran-2-one, 3-ethyl-5,6-dihydro-		
207	86118523	C1CC(C=CC1C=O)O	4-Hydroxycyclohex-2-ene-1-carbaldehyde		
208	22965746	CC(=O)C1C2C1COC2	1-(3-Oxabicyclo[3.1.0]hexan-6-yl)ethanone		
209	89694687	CC(=O)C1[C@H]2[C@@H]1COC2	1-[(1R,5S,6R)-3-oxabicyclo[3.1.0]hexan-6-yl]ethan-1-one		
210	154529920	CC(=O)C1[C@@H]2C1COC2	1-[(5S)-3-oxabicyclo[3.1.0]hexan-6-yl]ethanone		
211	22916282	CC1C=CC(=O)C(O1)C	2,6-dimethyl-2H-pyran-5-one		
212	10749188	C[C@@H]1C=CC(=O)[C@@H](O1)C	(2R,6S)-2,6-dimethyl-2H-pyran-5-one		
213	10772979	C[C@H]1C=CC(=O)[C@@H](O1)C	(2S,6S)-2,6-dimethyl-2H-pyran-5-one		
214	10772980	C[C@@H]1C=CC(=O)[C@H](O1)C	(2R,6R)-2,6-dimethyl-2H-pyran-5-one		
215	102482158	C[C@H]1C(=O)C=CC(O1)C	(6S)-2,6-dimethyl-2H-pyran-5-one		
216	12418785	CC1=CCC(C1=O)(C)O	5-Hydroxy-2,5-dimethylcyclopent-2-en-1-one		
217	90817297	C1CC2C(C1)(O2)C3CO3	1-(Oxiran-2-yl)-6-oxabicyclo[3.1.0]hexane		
218	11094617	CC1CCC(=O)CC1=O	4-Methylcyclohexane-1,3-dione		
219	98616667	C[C@@H]1CCC(=O)CC1=O	(4R)-4-methylcyclohexane-1,3-dione		
220	98616668	C[C@H]1CCC(=O)CC1=O	(4S)-4-methylcyclohexane-1,3-dione		
221	71410563	C1CC2(CCC2=O)OC1	5-Oxaspiro[3.4]octan-1-one		
222	101383685	C1C[C@]2(CCC2=O)OC1	(4R)-5-oxaspiro[3.4]octan-3-one		
223	167363302	CC12CC(C1)(C2)OC=O	(3-Methyl-1-bicyclo[1.1.1]pentanyl) formate		
224	130002916	C1C2CC3(C1C3O2)CO	3-Oxatricyclo[2.2.1.02,6]heptan-1-ylmethanol		
225	11116064	CC(CO)C1=CC=CO1	2-(Furan-2-yl)propan-1-ol		
226	642104	C[C@@H](CO)C1=CC=CO1	(2S)-2-(furan-2-yl)propan-1-ol		
227	101188997	C[C@H](CO)C1=CC=CO1	(2R)-2-(furan-2-yl)propan-1-ol		
228	59103621	CCOC1CC(=O)C=C1	4-Ethoxycyclopent-2-enone		
229	13315272	C1CC2(C1)C(=O)CCO2	5-Oxaspiro[3.4]octan-8-one		
230	11018869	CC(=O)CC(=O)C1CC1	1-Cyclopropyl-1,3-butanedione		
231	14787943	C1CC(C(=O)C1)CC=O	2-(2-Oxocyclopentyl)acetaldehyde		
232	89118006	CC(=O)C1=CC(CC1)O	1-(3-Hydroxycyclopenten-1-yl)ethanone		
233	12762341	CC(=O)C1CC1C(=O)C	1,2-Diacetylcyclopropane		
234	53780453	CC(=O)[C@@H]1C[C@@H]1C(=O)C	1-[(1S,2R)-2-acetylcyclopropyl]ethanone		
235	59293473	CC(=O)[C@H]1C[C@@H]1C(=O)C	1-[(1S,2S)-2-acetylcyclopropyl]ethanone		
236	68396593	CC(=O)[C@@H]1C[C@H]1C(=O)C	1-[(1R,2R)-2-acetylcyclopropyl]ethanone		
237	133623188	CC(=O)[C@@H]1CC1C(=O)C	1-[(2R)-2-acetylcyclopropyl]ethanone		
238	59634362	C1CC2C(=O)CCC1O2	8-Oxabicyclo[3.2.1]octan-2-one		
239	44632343	C1C[C@H]2C(=O)CC[C@@H]1O2	(1S,5R)-8-oxabicyclo[3.2.1]octan-2-one		
240	124546556	C1C[C@@H]2C(=O)CC[C@@H]1O2	(1R,5R)-8-oxabicyclo[3.2.1]octan-2-one		
241	11136300	CC1=CCCCOC1=O	6-methyl-3,4-dihydro-2H-oxepin-7-one		
242	13003685	CC1(C(=O)C2CC2O1)C	3,3-Dimethyl-2-oxabicyclo[3.1.0]hexan-4-one		
243	130908511	CC1(C(=O)[C@@H]2C[C@@H]2O1)C	(1S,5R)-3,3-dimethyl-2-oxabicyclo[3.1.0]hexan-4-one		
244	83171485	CC(CC1=COC=C1)O	1-(Furan-3-yl)propan-2-ol		
245	102163628	C[C@@H](CC1=COC=C1)O	(2S)-1-(furan-3-yl)propan-2-ol		
246	165618005	C[C@H](CC1=COC=C1)O	(2R)-1-(furan-3-yl)propan-2-ol		
247	88342182	C1CC=C(C1)C(C=O)O	2-(Cyclopenten-1-yl)-2-hydroxyacetaldehyde		
248	19809807	CC1CCC(C1=O)C=O	3-Methyl-2-oxocyclopentane-1-carbaldehyde		
249	125425489	CC(=O)C1CC(C1)C=O	3-Acetylcyclobutane-1-carbaldehyde		
250	102033070	CC1CC=CCOC1=O	6-methyl-5,6-dihydro-2H-oxepin-7-one		
251	13974583	C1C2CC(C1CC2=O)O	5-Hydroxybicyclo[2.2.1]heptan-2-one		
252	10351705	C1[C@@H]2C[C@@H]([C@H]1CC2=O)O	(1R,4R,5S)-5-hydroxybicyclo[2.2.1]heptan-2-one		
253	11789213	C1[C@H]2C[C@@H]([C@@H]1CC2=O)O	(1S,4S,5S)-5-hydroxybicyclo[2.2.1]heptan-2-one		
254	13974584	C1[C@H]2C[C@H]([C@@H]1CC2=O)O	(1S,4S,5R)-5-hydroxybicyclo[2.2.1]heptan-2-one		
255	13974585	C1[C@@H]2C[C@H]([C@H]1CC2=O)O	Rac-(1r,4r,5r)-5-hydroxybicyclo[2.2.1]heptan-2-one		
256	140735	CC(=O)OC1CCC=C1	Acetic acid, cyclopent-2-en-1-yl ester		
257	12533154	CC(=O)O[C@@H]1CCC=C1	(r)-Acetoxy-cyclopent-2-ene		
258	12533155	CC(=O)O[C@H]1CCC=C1	[(1S)-cyclopent-2-en-1-yl] acetate		
259	14470419	CC1C(CCC1=O)C=O	2-Methyl-3-oxocyclopentane-1-carbaldehyde		
260	10510864	C[C@H]1[C@@H](CCC1=O)C=O	(1R,2S)-2-methyl-3-oxocyclopentane-1-carbaldehyde		
261	14470420	C[C@@H]1[C@H](CCC1=O)C=O	(1S,2R)-2-methyl-3-oxocyclopentane-1-carbaldehyde		
262	101997666	C[C@@H]1[C@@H](CCC1=O)C=O	(1R,2R)-2-methyl-3-oxocyclopentane-1-carbaldehyde		
263	129405461	C[C@H]1[C@H](CCC1=O)C=O	(1S,2S)-2-methyl-3-oxocyclopentane-1-carbaldehyde		
264	53697011	CCCC1=CCOC1=O	Propylfuran-2(5h)-one		
265	89287800	CC1(CC=CC(=O)C1)O	5-Hydroxy-5-methylcyclohex-2-en-1-one		
266	72814695	CC12CCC(O1)C(=O)C2	4-Methyl-7-oxabicyclo[2.2.1]heptan-2-one		
267	11355481	C[C@@]12CC[C@@H](O1)C(=O)C2	(1R,4S)-4-methyl-7-oxabicyclo[2.2.1]heptan-2-one		
268	59382401	CCC1=CC(=CO1)CO	(5-Ethylfuran-3-yl)methanol		
269	18720251	C1CC(C(C=C1)O)C=O	2-Hydroxycyclohex-3-ene-1-carbaldehyde		
270	12075661	C1[C@@H]2CC(=O)[C@H]1[C@@H]2CO	(1R,4R,5R)-5-(hydroxymethyl)bicyclo[2.1.1]hexan-2-one		
271	544615	CC1(CC(=O)CC1=O)C	4,4-Dimethyl-1,3-cyclopentanedione		
272	13163940	C1CC(C1)C(C=O)C=O	Cyclobutylpropanedial		
273	61633	CC1CC(=O)C(=O)C1C	3,4-Dimethyl-1,2-cyclopentanedione		
274	6997362	C[C@H]1CC(=O)C(=O)[C@@H]1C	(3R,4S)-3,4-dimethylcyclopentane-1,2-dione		
275	6997363	C[C@@H]1CC(=O)C(=O)[C@@H]1C	(3R,4R)-3,4-dimethylcyclopentane-1,2-dione		
276	6997364	C[C@H]1CC(=O)C(=O)[C@H]1C	(3S,4S)-3,4-dimethylcyclopentane-1,2-dione		
277	6997365	C[C@@H]1CC(=O)C(=O)[C@H]1C	(3S,4R)-3,4-dimethylcyclopentane-1,2-dione		
278	54153218	C1CC(=O)C2C1OCC2	2,3,3a,5,6,6a-Hexahydrocyclopenta[b]furan-4-one		
279	12563872	C1CC2C(CC2=O)OC1	2-Oxabicyclo[4.2.0]octan-7-one		
280	12563871	C1C[C@@H]2[C@@H](CC2=O)OC1	cis-2-Oxabicyclo[4.2.0]octan-7-one		
281	93514756	C1C[C@H]2[C@@H](CC2=O)OC1	(1R,6S)-2-oxabicyclo[4.2.0]octan-7-one		
282	93514757	C1C[C@@H]2[C@H](CC2=O)OC1	(1S,6R)-2-oxabicyclo[4.2.0]octan-7-one		
283	93514758	C1C[C@H]2[C@H](CC2=O)OC1	(1S,6S)-2-Oxabicyclo[4.2.0]octan-7-one		
284	117689246	C1CC2(CC2)OC1C=O	4-Oxaspiro[2.4]heptane-5-carbaldehyde		
285	117689245	C1CC2(CC2)O[C@@H]1C=O	(5S)-4-oxaspiro[2.4]heptane-5-carbaldehyde		
286	117689494	C1CC2(CC2)O[C@H]1C=O	(R)-4-oxaspiro[2.4]heptane-5-carbaldehyde		
287	168437381	COC(=O)C12CCC1C2	Methyl bicyclo[2.1.0]pentane-1-carboxylate		
288	14688144	CCC1(C=CC(=O)O1)C	5-Ethyl-5-methylfuran-2-one		
289	21454110	C1CC(C2C1C2C=O)O	2-Hydroxybicyclo[3.1.0]hexane-6-carbaldehyde		
290	19737095	C1C=CC(O1)CC2CO2	2-(Oxiran-2-ylmethyl)-2,5-dihydrofuran		
291	153902395	C1CC2(CO2)C=CC1O	1-Oxaspiro[2.5]oct-4-en-6-ol		
292	67570713	CCC1=C(OC=C1)CO	(3-Ethylfuran-2-yl)methanol		
293	11768575	CC1=CC(=O)C(CC1)O	2-Cyclohexen-1-one, 6-hydroxy-3-methyl-		
294	71353258	CC1=CC(=O)[C@H](CC1)O	(6S)-6-Hydroxy-3-methylcyclohex-2-en-1-one		
295	102484479	CC1=CC(=O)[C@@H](CC1)O	(6R)-6-hydroxy-3-methylcyclohex-2-en-1-one		
296	14376191	CC1C2CCC1OC2=O	7-Methyl-2-oxabicyclo[2.2.1]heptan-3-one		
297	59502955	CC1CC2CC1C(=O)O2	5-Methyl-2-oxabicyclo[2.2.1]heptan-3-one		
298	130267839	CC1C[C@H]2C[C@@H]1C(=O)O2	(1S,4S)-5-methyl-2-oxabicyclo[2.2.1]heptan-3-one		
299	163581860	C[C@H]1C[C@H]2CC1C(=O)O2	(1S,5S)-5-methyl-2-oxabicyclo[2.2.1]heptan-3-one		
300	13108577	C1CC2CC1COC2=O	3-Oxabicyclo[3.2.1]octan-2-one		
301	11423595	C1C[C@@H]2C[C@H]1COC2=O	(1R,5S)-3-oxabicyclo[3.2.1]octan-2-one		
302	13108578	C1C[C@H]2C[C@@H]1COC2=O	(1S,5R)-3-oxabicyclo[3.2.1]octan-2-one		
303	12739723	CC1(C=CC(=O)CO1)C	6,6-Dimethylpyran-3-one		
304	90987941	CC1C=C(COC1=O)C	3,5-Dimethyl-2,5-dihydropyran-6-one		
305	156750425	C[C@H]1C=C(COC1=O)C	(5S)-3,5-dimethyl-2,5-dihydropyran-6-one		
306	67794627	C1C=CC(CC1=O)CO	5-(Hydroxymethyl)cyclohex-3-en-1-one		
307	56677695	CC1CC(C=CC1=O)O	4-Hydroxy-6-methylcyclohex-2-en-1-one		
308	25053498	C[C@H]1C[C@@H](C=CC1=O)O	(4S,6S)-4-hydroxy-6-methylcyclohex-2-en-1-one		
309	25243398	C[C@H]1C[C@H](C=CC1=O)O	Ampelomin A		
310	101555239	C[C@@H]1C[C@H](C=CC1=O)O	(4R,6R)-4-hydroxy-6-methylcyclohex-2-en-1-one		
311	102478609	C[C@@H]1C[C@@H](C=CC1=O)O	(4S,6R)-4-hydroxy-6-methylcyclohex-2-en-1-one		
312	21824427	CC1=CC(=C(O1)OC)C	2-Methoxy-3,5-dimethylfuran		
313	102106810	CC1=CC(C(=O)CC1)O	2-Hydroxy-4-methylcyclohex-3-en-1-one		
314	13200968	C1C=CC(=O)C1CCO	5-(2-Hydroxyethyl)cyclopent-2-en-1-one		
315	12921396	C1CC(=O)C(CC=C1)O	2-Hydroxycyclohept-4-en-1-one		
316	13581202	C[C@@H]1CC[C@H]2[C@@H](C1=O)O2	(1S,3R,6S)-3-methyl-7-oxabicyclo[4.1.0]heptan-2-one		
317	130961762	C[C@H]1CC[C@@H]2[C@H](C1=O)O2	(1R,3S,6R)-3-methyl-7-oxabicyclo[4.1.0]heptan-2-one		
318	142280979	CC1C(CC1C=O)C=O	2-Methylcyclobutane-1,3-dicarbaldehyde		
319	12694225	C1CCC2(CO2)C(=O)C1	1-Oxaspiro[2.5]octan-4-one		
320	140658	C1C2C=CC1C(C2O)O	Bicyclo[2.2.1]hept-5-ene-2,3-diol		
321	10351703	C1[C@@H]2C=C[C@H]1C(C2O)O	(1R,4S)-bicyclo[2.2.1]hept-5-ene-2,3-diol		
322	11137167	C1[C@@H]2C=C[C@H]1[C@H]([C@@H]2O)O	(1S,2R,3R,4R)-bicyclo[2.2.1]hept-5-ene-2,3-diol		
323	13763125	C1[C@@H]2C=C[C@H]1[C@H]([C@H]2O)O	(1R,2S,3R,4S)-bicyclo[2.2.1]hept-5-ene-2,3-diol		
324	13763126	C1[C@@H]2C=C[C@H]1[C@@H]([C@@H]2O)O	(1R*,2R*,3S*,4S*)-Bicyclo[2.2.1]hept-5-ene-2,3-diol		
325	13763127	C1C2C=CC1[C@H]([C@H]2O)O	(2S,3R)-bicyclo[2.2.1]hept-5-ene-2,3-diol		
326	130831894	C1[C@H]2C=C[C@H]1[C@@H]([C@@H]2O)O	(1S,2R,3S,4S)-bicyclo[2.2.1]hept-5-ene-2,3-diol		
327	131155303	C1C2C=CC1[C@@H]([C@H]2O)O	(2S,3S)-bicyclo[2.2.1]hept-5-ene-2,3-diol		
328	155893852	C1CC2(C1)COCC2=O	6-Oxaspiro[3.4]octan-8-one		
329	57185000	CC1=COC(=C1)C(C)O	1-(4-Methylfuran-2-yl)ethanol		
330	141056902	CC1=COC(=C1)[C@H](C)O	(1S)-1-(4-methylfuran-2-yl)ethanol		
331	14108203	C1CC(=O)C2CC2C1O	5-Hydroxybicyclo[4.1.0]heptan-2-one		
332	10964496	C1CC(=O)[C@H]2C[C@H]2[C@H]1O	(1S,5S,6R)-5-hydroxybicyclo[4.1.0]heptan-2-one		
333	14108204	C1CC(=O)[C@H]2C[C@H]2[C@@H]1O	(1S,5R,6R)-5-hydroxybicyclo[4.1.0]heptan-2-one		
334	11815358	CC1(C2C1C(=O)OC2)C	6,6-Dimethyl-3-oxabicyclo[3.1.0]hexan-2-one		
335	11029843	CC1([C@H]2[C@@H]1C(=O)OC2)C	(1S,5R)-6,6-Dimethyl-3-oxabicyclo[3.1.0]hexan-2-one		
336	11094620	CC1([C@@H]2[C@H]1C(=O)OC2)C	(1R, 5S)-6,6-dimethyl-3-oxabicyclo[3.1.0]hexan-2-one		
337	69585274	CC1([C@@H]2C1COC2=O)C	(1S)-6,6-dimethyl-3-oxabicyclo[3.1.0]hexan-2-one		
338	70589470	CC1([C@H]2C1COC2=O)C	(1R)-6,6-dimethyl-3-oxabicyclo[3.1.0]hexan-2-one		
339	102241031	CC1([C@H]2C1C(=O)OC2)C	(5R)-6,6-dimethyl-3-oxabicyclo[3.1.0]hexan-2-one		
340	154172136	CC1=CCCC(C1=O)O	6-Hydroxy-2-methylcyclohex-2-en-1-one		
341	58815477	CC1C(C(=CC1=O)C)O	4-Hydroxy-3,5-dimethylcyclopent-2-en-1-one		
342	558448	CC(C)C1C=CC(=O)O1	2(5H)-Furanone, 5-(1-methylethyl)-		
343	11073424	CC(C)[C@H]1C=CC(=O)O1	(2S)-2-propan-2-yl-2H-furan-5-one		
344	12610612	CC(C)[C@@H]1C=CC(=O)O1	(2R)-2-propan-2-yl-2H-furan-5-one		
345	54434400	CC(C)OC1=COC=C1	3-Propan-2-yloxyfuran		
346	13838600	C1CC(=O)CC1CC=O	2-(3-Oxocyclopentyl)acetaldehyde		
347	10534670	C1CC(=O)C[C@@H]1CC=O	2-[(1S)-3-oxocyclopentyl]acetaldehyde		
348	10772978	C1CC(=O)C[C@H]1CC=O	2-[(1R)-3-oxocyclopentyl]acetaldehyde		
349	84731080	C1COC2C1C2CC=O	2-(2-Oxabicyclo[3.1.0]hexan-6-yl)acetaldehyde		
350	84647887	C1CO[C@@H]2[C@H]1C2CC=O	2-[(1R,5R)-2-oxabicyclo[3.1.0]hexan-6-yl]acetaldehyde		
351	101797603	C1C2C1(COC2)CC=O	2-(3-Oxabicyclo[3.1.0]hexan-1-yl)acetaldehyde		
352	130835383	C1[C@H]2CC(=O)C[C@H]2[C@@H]1O	(1S,5R,6R)-6-hydroxybicyclo[3.2.0]heptan-3-one		
353	70542814	CCC1=CC(=O)CC1O	3-Ethyl-4-hydroxy-2-cyclopenten-1-one		
354	12739836	CC(=O)C1(CCC1=O)C	2-Acetyl-2-methylcyclobutan-1-one		
355	20450447	CC1(C(C1C=O)C=O)C	3,3-Dimethylcyclopropane-1,2-dicarbaldehyde		
356	22827325	CC1([C@@H]([C@@H]1C=O)C=O)C	(1S,2R)-3,3-dimethylcyclopropane-1,2-dicarbaldehyde		
357	53917329	CC1([C@@H]([C@H]1C=O)C=O)C	(1R,2R)-3,3-dimethylcyclopropane-1,2-dicarbaldehyde		
358	91401654	COC1CCC(=O)C=C1	4-Methoxycyclohex-2-en-1-one		
359	23057987	CCOC1=CC=C(O1)C	2-Ethoxy-5-methylfuran		
360	68076904	CC(=O)CC1CC(=O)C1	3-(2-Oxopropyl)cyclobutan-1-one		
361	12553929	CC1COC(=O)C=C1C	3,4-Dimethyl-2,3-dihydropyran-6-one		
362	84647886	C1C(C12COC2)CC=O	2-(5-Oxaspiro[2.3]hexan-2-yl)acetaldehyde		
363	91401864	C1C2CC3C(O2)CC1O3	2,6-Dioxatricyclo[3.3.1.03,7]nonane		
364	98471	CC(=O)C1CCCC1=O	2-Acetylcyclopentanone		
365	643107	CC(=O)[C@@H]1CCCC1=O	(2S)-2-acetylcyclopentan-1-one		
366	25113202	CC(=O)[C@H]1CCCC1=O	(r,s)-2-Acetyl-cyclopentanone		
367	112692743	CC1=CC(=CO1)C(C)O	1-(5-Methyl-3-furyl)ethanol		
368	112692793	CC1=C(C=CO1)C(C)O	1-(2-Methyl-3-furyl)ethanol		
369	104791082	CC1=C(C=CO1)[C@H](C)O	(1S)-1-(2-methylfuran-3-yl)ethan-1-ol		
370	104791083	CC1=C(C=CO1)[C@@H](C)O	(1R)-1-(2-methylfuran-3-yl)ethan-1-ol		
371	59032999	C[C@H]1CC(=O)C[C@@H]1C=O	(1S,2S)-2-methyl-4-oxocyclopentane-1-carbaldehyde		
372	89181129	C1CC2(CC2)OCC1=O	4-Oxaspiro[2.5]octan-6-one		
373	53649167	CCCOC1=COC=C1	3-Propoxyfuran		
374	12553933	CC1(CC=CC(=O)O1)C	2,2-dimethyl-3H-pyran-6-one		
375	90916919	C1CC2COC1CC2=O	2-Oxabicyclo[2.2.2]octan-5-one		
376	12732768	C1CC(C2CC1C2=O)O	2-Hydroxybicyclo[3.1.1]heptan-6-one		
377	130781426	C1C[C@H]([C@@H]2C[C@H]1C2=O)O	(1S,2R,5S)-2-hydroxybicyclo[3.1.1]heptan-6-one		
378	13235305	C1C2COCC2CC1=O	tetrahydro-1H-cyclopenta[c]furan-5(3H)-one		
379	13235306	C1[C@@H]2COC[C@@H]2CC1=O	1H-Cyclopenta[c]furan-5(3H)-one, tetrahydro-, cis-		
380	13235307	C1[C@@H]2COC[C@H]2CC1=O	trans-hexahydro-1H-cyclopenta[c]furan-5-one		
381	93518415	C1[C@H]2COC[C@@H]2CC1=O	trans-Tetrahydro-1H-cyclopenta[c]furan-5(3H)-one		
382	84064006	C1CC1C(=O)C2COC2	3-Cyclopropanecarbonyloxetane		
383	71744011	C1CC2(C1=O)CCOC2	6-Oxaspiro[3.4]octan-1-one		
384	102533745	C1CCC2(C1)CC(=O)O2	1-Oxaspiro[3.4]octan-2-one		
385	85315288	C1CC(C=C1)COC=O	Cyclopent-2-en-1-ylmethyl formate		
386	10918458	C1C[C@H](C=C1)COC=O	[(1R)-cyclopent-2-en-1-yl]methyl formate		
387	155465	CC1(CCC(=O)C=C1)O	4-Hydroxy-4-methylcyclohex-2-en-1-one	Xi-4-Hydroxy-4-methyl-2-cyclohexen-1-one is a member of cyclohexenones.	ChEBI
388	11126263	C[C@]1(CCC(=O)C=C1)O	(4R)-4-hydroxy-4-methylcyclohex-2-en-1-one		
389	124307432	C[C@@]1(CCC(=O)C=C1)O	(4S)-4-hydroxy-4-methylcyclohex-2-en-1-one		
390	15688967	CC1=C(C=CO1)COC	3-(Methoxymethyl)-2-methylfuran		
391	53795853	CC1=C(OC(=C1O)C)C	2,4,5-Trimethylfuran-3-ol		
392	11170973	C1CC(=O)CCC1C=O	4-Oxocyclohexanecarbaldehyde		
393	20080077	C1CC2(C13CCO3)CO2	2,5-Dioxadispiro[2.0.34.23]nonane		
394	146155513	C1C2CC1OCC2C=O	2-Oxabicyclo[3.1.1]heptane-4-carbaldehyde		
395	67522960	CC1=CC(=CO1)COC	4-(Methoxymethyl)-2-methylfuran		
396	130027675	CC1CC(=O)C2(C1O2)C	1,4-Dimethyl-6-oxabicyclo[3.1.0]hexan-2-one		
397	101698688	C1C=C[C@@H]2[C@H]1COCO2	(4aR,7aR)-4,4a,5,7a-tetrahydrocyclopenta[d][1,3]dioxine		
398	101698689	C1C=C[C@H]2[C@@H]1COCO2	(4aS,7aS)-4,4a,5,7a-tetrahydrocyclopenta[d][1,3]dioxine		
399	18779443	C1CC(=O)C2(CC1C2)O	1-Hydroxybicyclo[3.1.1]heptan-2-one		
400	45120320	C1CC(=O)CCC2C1O2	8-Oxabicyclo[5.1.0]octan-4-one		
401	101092693	C1CC(=O)CC[C@H]2[C@@H]1O2	(1R,7S)-8-oxabicyclo[5.1.0]octan-4-one		
402	130038119	CC1C2CC(O1)C(=O)C2	3-Methyl-2-oxabicyclo[2.2.1]heptan-6-one		
403	130631286	CC1CC1C(=O)CC=O	3-(2-Methylcyclopropyl)-3-oxopropanal		
404	14289654	CC1(CC(=O)C(=O)C1)C	4,4-Dimethylcyclopentane-1,2-dione		
405	141375136	C1CC2(C=CC1O2)CO	7-Oxabicyclo[2.2.1]hept-2-en-1-ylmethanol		
406	13037816	CCC1C(C=CC1=O)O	2-Ethyl-3-hydroxy-4-cyclopentenone		
407	58012752	CC[C@H]1[C@@H](C=CC1=O)O	(4R,5S)-5-ethyl-4-hydroxycyclopent-2-en-1-one		
408	85432941	C1CC2C3C(O3)C(C1)O2	3,9-Dioxatricyclo[3.3.1.02,4]nonane		
409	12034953	C1C[C@@H]2[C@@H]3[C@@H](O3)[C@H](C1)O2	Rvjqqihujxueif-umrxknaasa-		
410	134890512	C1C[C@@H]2[C@@H]3[C@H](O3)[C@H](C1)O2	(1S,2R,4R,5R)-3,9-dioxatricyclo[3.3.1.02,4]nonane		
411	118232083	CC1=CC2COC1OC2	7-Methyl-2,6-dioxabicyclo[2.2.2]oct-7-ene		
412	156501007	COC12CC(C1)(C2)C=O	3-Methoxybicyclo[1.1.1]pentane-1-carbaldehyde		
413	12271383	CC1=COC(=C1)COC	2-(Methoxymethyl)-4-methylfuran		
414	141843914	CC(C)C1=C(C=CO1)O	2-Propan-2-ylfuran-3-ol		
415	143274954	CCC1C=CCC(=O)O1	2-Ethyl-2,5-dihydropyran-6-one		
416	142212879	CC[C@H]1C=CCC(=O)O1	(2S)-2-ethyl-2,5-dihydropyran-6-one		
417	141171977	C1CC1C(CC=O)C=O	2-Cyclopropylbutanedial		
418	102498909	C1CC2C(=O)C[C@]2(C1)O	(1S)-1-hydroxybicyclo[3.2.0]heptan-6-one		
419	165995883	C1C[C@@H]2C(=O)C[C@@]2(C1)O	rac-(1R,5S)-1-hydroxybicyclo[3.2.0]heptan-6-one		
420	57590263	CC1[C@H]2[C@@]1(C(=O)OC2)C	(1R,5S)-1,6-dimethyl-3-oxabicyclo[3.1.0]hexan-2-one		
421	73820453	CC1CC2CC(=O)C2O1	3-Methyl-2-oxabicyclo[3.2.0]heptan-7-one		
422	21671350	C[C@@H]1C[C@H]2CC(=O)[C@H]2O1	(1S,3R,5S)-3-methyl-2-oxabicyclo[3.2.0]heptan-7-one		
423	21671351	C[C@H]1C[C@H]2CC(=O)[C@H]2O1	(1S,3S,5S)-3-methyl-2-oxabicyclo[3.2.0]heptan-7-one		
424	145912872	C1COCC2C1C2C=O	3-Oxabicyclo[4.1.0]heptane-7-carbaldehyde		
425	91945067	C1COCC(=O)CC=C1	3,6-dihydro-2H-oxocin-7-one		
426	90487012	C/1COCC(=O)C/C=C1	7,8-Dihydro-2H-oxocin-3(4H)-one		
427	140676222	C[C@@H]1C=C(C[C@@H]1O)C=O	(3R,4S)-4-hydroxy-3-methylcyclopentene-1-carbaldehyde		
428	534052	CC1(CCC1=O)C2CO2	Cyclobutanone, 2-methyl-2-oxiranyl-		
429	131021159	C[C@]1(CCC1=O)[C@H]2CO2	(2S)-2-methyl-2-[(2S)-oxiran-2-yl]cyclobutan-1-one		
430	45116560	C1CC(=CC1CO)C=O	3-(Hydroxymethyl)cyclopentene-1-carbaldehyde		
431	87451586	C1CC2(CCC1O2)C=O	7-Oxabicyclo[2.2.1]heptane-1-carbaldehyde		
432	155943340	CC1(CC=CCO1)C=O	2-methyl-3,6-dihydro-2H-pyran-2-carbaldehyde		
433	13182033	CCC1C(=CC(=O)O1)C	5-Ethyl-4-methylfuran-2(5H)-one		
434	19010334	COCCC1=CC=CO1	Pcqfpsgadxdzhr-uhfffaoysa-		
435	163791689	COC1CC(=O)CC=C1	5-Methoxycyclohex-3-en-1-one		
436	69346338	C1COC2CC1CC2=O	2-Oxabicyclo[3.2.1]octan-7-one		
437	21454087	C1C(CC2C1C2C=O)O	3-Hydroxybicyclo[3.1.0]hexane-6-carbaldehyde		
438	13014747	C1COC2(O1)CC=CC2	1,4-Dioxaspiro[4.4]non-7-ene		
439	75094621	C1CC=CC(=O)COC1	3,4-dihydro-2H-oxocin-7-one		
440	45117285	C1C/C=C\C(=O)COC1	(5Z)-3,4-dihydro-2H-oxocin-7-one		
441	537123	CC(=O)C12CCCC1O2	Cyclopentane, 1-acetyl-1,2-epoxy-		
442	12166702	CC(=O)[C@]12CCC[C@H]1O2	1-[(1S,5R)-6-oxabicyclo[3.1.0]hexan-1-yl]ethanone		
443	12629869	C1CCC2(C(C1)O2)C=O	7-Oxabicyclo[4.1.0]heptane-1-carbaldehyde		
444	12629870	C1CC[C@@]2([C@H](C1)O2)C=O	(1R,6S)-7-oxabicyclo[4.1.0]heptane-1-carbaldehyde		
445	140069480	C1C=CC2C(C1CO)O2	7-Oxabicyclo[4.1.0]hept-4-en-2-ylmethanol		
446	12553932	CC1(C=CCC(=O)O1)C	6,6-dimethyl-3H-pyran-2-one		
447	14056132	CC1C=CC(=O)OC1C	2,3-Dimethyl-2,3-dihydropyran-6-one		
448	12007070	C[C@@H]1C=CC(=O)O[C@H]1C	(2S,3R)-2,3-dimethyl-2,3-dihydropyran-6-one		
449	14056133	C[C@H]1C=CC(=O)O[C@@H]1C	(2R,3S)-2,3-dimethyl-2,3-dihydropyran-6-one		
450	14056134	C[C@@H]1C=CC(=O)O[C@@H]1C	(2R,3R)-2,3-dimethyl-2,3-dihydropyran-6-one		
451	21626832	C[C@H]1C=CC(=O)O[C@H]1C	(2S,3S)-2,3-dimethyl-2,3-dihydropyran-6-one		
452	131843539	COC(=O)[C@H]1C[C@H]2[C@@H]1C2	methyl (1S,2S,4S)-bicyclo[2.1.0]pentane-2-carboxylate		
453	59912675	CC1OC2CC(O1)C=C2	3-Methyl-2,4-dioxabicyclo[3.2.1]oct-6-ene		
454	13902845	CC(=O)C1CCC(=O)C1	3-Acetylcyclopentan-1-one		
455	45085216	CC(=O)[C@H]1CCC(=O)C1	(3S)-3-Acetylcyclopentan-1-one		
456	45085217	CC(=O)[C@@H]1CCC(=O)C1	(R)-3-acetyl-cyclopentanone		
457	141198618	C1CC1C2CCOC2=O	3-Cyclopropyloxolan-2-one		
458	14945504	C1CC=CC(=O)C(C1)O	7-Hydroxycyclohept-2-en-1-one		
459	13541503	CC12CCOC1C(=O)C2	5-Methyl-2-oxabicyclo[3.2.0]heptan-7-one		
460	21671344	C[C@@]12CCO[C@@H]1C(=O)C2	(1S,5S)-5-methyl-2-oxabicyclo[3.2.0]heptan-7-one		
461	11105371	C1CC(C=C(C1)C=O)O	3-Hydroxy-1-cyclohexene-1-carboxaldehyde		
462	12426238	C1C[C@H](C=C(C1)C=O)O	(3R)-3-hydroxycyclohexene-1-carbaldehyde		
463	12488591	CCC1=C(C(=O)OC1)C	3-ethyl-4-methyl-2H-furan-5-one		
464	10820529	CC1=CC(=CO1)CCO	2-(5-Methylfuran-3-yl)ethan-1-ol		
465	12843243	CC1CC=C(C(=O)O1)C	3,6-Dimethyl-5,6-dihydro-2H-pyran-2-one		
466	12843245	C[C@H]1CC=C(C(=O)O1)C	(2S)-2,5-dimethyl-2,3-dihydropyran-6-one		
467	13583277	CC(C)(C1=COC=C1)O	2-(Furan-3-yl)propan-2-ol		
468	126970466	C1COCC12CC(=O)C2	6-Oxaspiro[3.4]octan-2-one		
469	100948279	CC1C[C@H]2[C@@H]1COC2=O	(1S,5R)-6-methyl-3-oxabicyclo[3.2.0]heptan-2-one		
470	12200656	CC1(COC(=O)C=C1)C	2H-Pyran-2-one, 5,6-dihydro-5,5-dimethyl-		
471	155710215	CC(=O)C12CC(C1)CO2	1-(2-Oxabicyclo[2.1.1]hexan-1-yl)ethanone		
472	12061945	C1CC2CC2C(=O)OC1	3-Oxabicyclo[5.1.0]octan-2-one		
473	165355808	CC1CC(=O)C2C1(O2)C	4,5-Dimethyl-6-oxabicyclo[3.1.0]hexan-2-one		
474	154106346	CC1C(C(=O)C2C1O2)C	3,4-Dimethyl-6-oxabicyclo[3.1.0]hexan-2-one		
475	21727876	C1C[C@@H](CC(=O)C=C1)O	(6S)-6-hydroxycyclohept-2-en-1-one		
476	13759095	CC(C1CC=CC1=O)O	5-(1-Hydroxyethyl)cyclopent-2-en-1-one		
477	13011760	CC1=COC(=C1OC)C	3-Methoxy-2,4-dimethylfuran		
478	67304597	CC1=C(OC=C1)COC	2-Methoxymethyl-3-methyl-furan		
479	20472090	CC1=CC(=O)C(C1)(C)O	3,5-Dimethylcyclopent-2-en-5-olone		
480	57193898	C1CC2CC2(C1)OC=O	1-Bicyclo[3.1.0]hexanyl formate		
481	9898826	CC1C(=C(C(=O)O1)C)C	3,4,5-Trimethyl-2(5H)-furanone		
482	5324906	C[C@@H]1C(=C(C(=O)O1)C)C	(2R)-2,3,4-trimethyl-2H-furan-5-one		
483	92974419	C[C@H]1C(=C(C(=O)O1)C)C	(2S)-2,3,4-trimethyl-2H-furan-5-one		
484	265091	CC1CC2C3C(C1O2)O3	6-Methyl-3,8-dioxatricyclo[3.2.1.02,4]octane		
485	60111396	C[C@H]1C[C@@H]2[C@@H]3[C@H]([C@@H]1O2)O3	(1R,2R,4S,5R,6S)-6-methyl-3,8-dioxatricyclo[3.2.1.02,4]octane		
486	91298716	C[C@H]1C[C@H]2[C@@H]3[C@H]([C@@H]1O2)O3	(1S,2R,4S,5R,6S)-6-methyl-3,8-dioxatricyclo[3.2.1.02,4]octane		
487	98511273	C[C@@H]1C[C@@H]2[C@@H]3[C@@H]([C@@H]1O2)O3	(1R,2R,4R,5R,6R)-6-methyl-3,8-dioxatricyclo[3.2.1.02,4]octane		
488	98511274	C[C@H]1C[C@@H]2[C@@H]3[C@@H]([C@@H]1O2)O3	(1R,2R,4R,5R,6S)-6-methyl-3,8-dioxatricyclo[3.2.1.02,4]octane		
489	98511275	C[C@@H]1C[C@H]2[C@@H]3[C@@H]([C@@H]1O2)O3	(1S,2R,4R,5R,6R)-6-methyl-3,8-dioxatricyclo[3.2.1.02,4]octane		
490	98511276	C[C@H]1C[C@H]2[C@@H]3[C@@H]([C@@H]1O2)O3	(1S,2R,4R,5R,6S)-6-methyl-3,8-dioxatricyclo[3.2.1.02,4]octane		
491	10011909	CC(C)(C1=CC=CO1)O	2-(Furan-2-yl)propan-2-ol		
492	12820561	CC1C2CCC2C(=O)O1	4-Methyl-3-oxabicyclo[3.2.0]heptan-2-one		
493	12820562	C[C@@H]1[C@H]2CC[C@H]2C(=O)O1	(1R,4R,5S)-4-methyl-3-oxabicyclo[3.2.0]heptan-2-one		
494	21763624	C[C@@H]1[C@@H]2CC[C@@H]2C(=O)O1	(1S,4R,5R)-4-methyl-3-oxabicyclo[3.2.0]heptan-2-one		
495	101929856	C[C@@]12CCOC(=O)[C@@H]1C2	(1R,6R)-6-methyl-3-oxabicyclo[4.1.0]heptan-2-one		
496	130644961	C1[C@H](C=CC=C[C@H]1O)O	(1S,3R)-cyclohepta-4,6-diene-1,3-diol		
497	69978	CCC1C(=O)CCC1=O	2-Ethyl-1,3-cyclopentanedione		
498	11018868	CC1=C[C@H](CC1=O)OC	(4S)-4-methoxy-2-methylcyclopent-2-en-1-one		
499	129403939	CC1=C[C@@H](CC1=O)OC	(4R)-4-methoxy-2-methylcyclopent-2-en-1-one		
500	85638624	C1C=CC(CC1C=O)O	5-Hydroxycyclohex-3-ene-1-carbaldehyde		
501	45120385	CC12CC(=O)CCC1O2	1-Methyl-7-oxabicyclo[4.1.0]heptan-3-one		
502	130144254	C1C2CC(C1O)(C=C2)O	Bicyclo[2.2.1]hept-5-ene-1,2-diol		
503	13840634	CCC1=CC=C(O1)CO	(5-Ethylfuran-2-yl)methanol		
504	13517271	CC1C(=O)C=CC1(C)O	3-Hydroxy-2,3-dimethyl-4-cyclopentenone		
505	137699063	CC12CC(C1)(CO2)C=O	1-Methyl-2-oxabicyclo[2.1.1]hexane-4-carbaldehyde		
506	20381053	COCC1=CCCC1=O	2-(Methoxymethyl)cyclopent-2-en-1-one		
507	227178	C1=COC(=C1)CCCO	2-Furanpropanol		
508	12197585	C1CCC(=O)C(C1)C=O	2-Oxocyclohexanecarbaldehyde		
509	92954619	C1CCC(=O)[C@@H](C1)C=O	(1S)-2-oxocyclohexane-1-carbaldehyde		
510	93492512	C1CCC(=O)[C@H](C1)C=O	(1R)-2-oxocyclohexane-1-carbaldehyde		
511	89234778	C1C(CC2CC1O2)C=O	6-Oxabicyclo[3.1.1]heptane-3-carbaldehyde		
512	83674333	CC1=COC(=C1)CCO	2-(4-Methylfuran-2-yl)ethan-1-ol		
513	140988301	CC1C2CC2(C(=O)O1)C	1,4-Dimethyl-3-oxabicyclo[3.1.0]hexan-2-one		
514	147257890	CC1C2C[C@]2(C(=O)O1)C	(1R)-1,4-dimethyl-3-oxabicyclo[3.1.0]hexan-2-one		
515	130036876	COC1CC=CC(=O)C1	5-Methoxycyclohex-2-en-1-one		
516	130996675	CO[C@H]1CC=CC(=O)C1	(5S)-5-methoxycyclohex-2-en-1-one		
517	18541559	CC(=O)OC1CC=CC1	Cyclopent-3-en-1-yl acetate		
518	134969983	C[C@@]12C[C@@H]1CCOC2=O	(1R,6R)-1-methyl-3-oxabicyclo[4.1.0]heptan-2-one		
519	84647884	CC(=O)C1CC12COC2	1-(5-Oxaspiro[2.3]hexan-2-yl)ethanone		
520	83478687	C1COC2C1CC(=O)C2	2,3,3a,4,6,6a-Hexahydrocyclopenta[b]furan-5-one		
521	60109632	CC1=CC2C(O2)C(C1)O	4-Methyl-7-oxabicyclo[4.1.0]hept-4-en-2-ol		
522	13693116	CC12CCC1C(=O)OC2	5-Methyl-3-oxabicyclo[3.2.0]heptan-2-one		
523	11815360	C[C@@]12CC[C@@H]1C(=O)OC2	(1S,5R)-5-methyl-3-oxabicyclo[3.2.0]heptan-2-one		
524	14542435	CC12CCC(O1)CC2=O	1-Methyl-7-oxabicyclo[2.2.1]heptan-2-one		
525	11423597	C[C@@]12CC[C@@H](O1)CC2=O	(1S,4R)-1-methyl-7-oxabicyclo[2.2.1]heptan-2-one		
526	138195	C1CC2CCC1C(=O)O2	2-Oxabicyclo[2.2.2]octan-3-one		
527	89547	CC12CCCC(=O)C1O2	6-Methyl-7-oxabicyclo[4.1.0]heptan-2-one		
528	12215833	C[C@@]12CCCC(=O)[C@@H]1O2	(1R,6R)-6-methyl-7-oxabicyclo[4.1.0]heptan-2-one		
529	12215834	C[C@@]12CCCC(=O)[C@H]1O2	(1S,6R)-6-methyl-7-oxabicyclo[4.1.0]heptan-2-one		
530	12215835	C[C@]12CCCC(=O)[C@H]1O2	(1S,6S)-6-Methyl-7-oxabicyclo[4.1.0]heptan-2-one		
531	98043383	C[C@]12CCCC(=O)[C@@H]1O2	(1R,6S)-6-methyl-7-oxabicyclo[4.1.0]heptan-2-one		
532	19911588	C1CC2C(CC1O2)C=O	7-Oxabicyclo[2.2.1]heptane-2-carbaldehyde		
533	15676004	C1C[C@H]2[C@@H](C[C@@H]1O2)C=O	(1S,2R,4R)-7-oxabicyclo[2.2.1]heptane-2-carbaldehyde		
534	57020116	C1C[C@@H]2[C@H](C[C@H]1O2)C=O	(1R,2S,4S)-7-oxabicyclo[2.2.1]heptane-2-carbaldehyde		
535	88523727	C1C[C@@H]2[C@@H](C[C@H]1O2)C=O	(1R,2R,4S)-7-oxabicyclo[2.2.1]heptane-2-carbaldehyde		
536	88892231	C1CC2CC([C@@H]1O2)C=O	(1R)-7-oxabicyclo[2.2.1]heptane-2-carbaldehyde		
537	88915037	C1C[C@@H]2C(C[C@H]1O2)C=O	(1R,4S)-7-oxabicyclo[2.2.1]heptane-2-carbaldehyde		
538	124582770	C1C[C@@H]2[C@@H](C[C@@H]1O2)C=O	(1R,2R,4R)-7-oxabicyclo[2.2.1]heptane-2-carbaldehyde		
539	124582771	C1C[C@@H]2[C@H](C[C@@H]1O2)C=O	(1R,2S,4R)-7-oxabicyclo[2.2.1]heptane-2-carbaldehyde		
540	141794633	C1CC2(CC1CO2)C=O	2-Oxabicyclo[2.2.1]heptane-1-carbaldehyde		
541	153811097	C1CC2C1CC(=O)OC2	3-Oxabicyclo[4.2.0]octan-4-one		
542	12503950	CC1(C2CC2C(=O)O1)C	4,4-Dimethyl-3-oxabicyclo[3.1.0]hexan-2-one		
543	23268602	CC1([C@@H]2C[C@@H]2C(=O)O1)C	(1S,5R)-4,4-dimethyl-3-oxabicyclo[3.1.0]hexan-2-one		
544	145546088	C1C2C1CC(C2)OC=O	3-Bicyclo[3.1.0]hexanyl formate		
545	159716485	C1[C@H]2[C@@H]1CC(C2)OC=O	[(1R,5S)-3-bicyclo[3.1.0]hexanyl] formate		
546	76365	C1CCC(=O)C(=O)CC1	1,2-Cycloheptanedione		
547	13025621	CC1=CC=C(O1)C(C)O	5-Methyl-alpha-methyl-furfuryl alcohol		
548	28561290	CC1=CC=C(O1)[C@@H](C)O	(1R)-1-(5-methylfuran-2-yl)ethan-1-ol		
549	28561294	CC1=CC=C(O1)[C@H](C)O	(1S)-1-(5-methylfuran-2-yl)ethan-1-ol		
550	143897541	CC(=O)C(=O)C1(CC1)C	1-(1-Methylcyclopropyl)propane-1,2-dione		
551	12434154	C1CC(CC(=O)C1)C=O	3-Oxocyclohexane-1-carbaldehyde		
552	130032121	CCC1=CC(C(=O)C1)O	4-Ethyl-2-hydroxycyclopent-3-en-1-one		
553	13297888	CCC1C=C(C(=O)O1)C	5-Ethyl-3-methylfuran-2(5H)-one		
554	13297889	CC[C@@H]1C=C(C(=O)O1)C	(2R)-2-ethyl-4-methyl-2H-furan-5-one		
555	68351240	CC[C@H]1C=C(C(=O)O1)C	(2S)-2-ethyl-4-methyl-2H-furan-5-one		
556	130142149	C1C=CC2C(O2)CC1O	8-Oxabicyclo[5.1.0]oct-5-en-3-ol		
557	21455801	CC(=O)C(=O)CC1CC1	Cyclopropylbutanedione		
558	272129	CC(=O)C1(CC1)C(=O)C	1,1-Diacetylcyclopropane		
559	85099560	C1C=CC=CC(C1O)O	Cyclohepta-3,5-diene-1,2-diol		
560	10034639	C1C=CC=C[C@@H]([C@@H]1O)O	(1R,2S)-cyclohepta-3,5-diene-1,2-diol		
561	130918229	C1C=CC=C[C@H]([C@@H]1O)O	(1R,2R)-cyclohepta-3,5-diene-1,2-diol		
562	17921343	CC1(CC1)C(=O)CC=O	3-(1-Methylcyclopropyl)-3-oxopropanal		
563	15619733	C1CCC(=O)C2C(C1)O2	8-Oxabicyclo[5.1.0]octan-2-one		
564	44223709	C1CCC(=O)[C@H]2[C@@H](C1)O2	(1R,7R)-8-oxabicyclo[5.1.0]octan-2-one		
565	129364138	C1CCC(=O)[C@@H]2[C@@H](C1)O2	(1S,7R)-8-oxabicyclo[5.1.0]octan-2-one		
566	129364139	C1CCC(=O)[C@@H]2[C@H](C1)O2	(1S,7S)-8-oxabicyclo[5.1.0]octan-2-one		
567	129364140	C1CCC(=O)[C@H]2[C@H](C1)O2	(1R,7S)-8-oxabicyclo[5.1.0]octan-2-one		
568	24972047	C1CC1C2CCC(=O)O2	5-Cyclopropyloxolan-2-one		
569	1514118	COC(=O)C1CC=CC1	Methyl 3-cyclopentenecarboxylate		
570	12732754	C1CC2C(CC1C2=O)O	2-Hydroxybicyclo[2.2.1]heptan-7-one		
571	12128442	C1C[C@H]2[C@@H](C[C@@H]1C2=O)O	(1S,2R,4R)-2-hydroxybicyclo[2.2.1]heptan-7-one		
572	131854580	C1C[C@@H]2[C@H](C[C@H]1C2=O)O	(1R,2S,4S)-2-hydroxybicyclo[2.2.1]heptan-7-one		
573	39738	CC1=CC(OC1=O)(C)C	3,5,5-Trimethyl-2(5H)-furanone		
574	12421856	CC1CC12CCOC2=O	2-Methyl-5-oxaspiro[2.4]heptan-4-one		
575	71454459	C[C@H]1CC12CCOC2=O	(2S)-2-methyl-5-oxaspiro[2.4]heptan-4-one		
576	71456153	C[C@@H]1CC12CCOC2=O	(2R)-2-methyl-5-oxaspiro[2.4]heptan-4-one		
577	83674176	CC1=COC=C1CCO	2-(4-Methylfuran-3-yl)ethan-1-ol		
578	53833202	CCCOC1=CC=CO1	2-Propoxyfuran		
579	154122853	CCC1=COC(=C1)CO	(4-Ethylfuran-2-yl)methanol		
580	85799408	C1CC2CC(=O)C2(C1)O	5-Hydroxybicyclo[3.2.0]heptan-6-one		
581	130035753	C1C=CC(C1CO)C=O	5-(Hydroxymethyl)cyclopent-2-ene-1-carbaldehyde		
582	130755121	C1C=C[C@@H]([C@@H]1CO)C=O	(1S,5R)-5-(hydroxymethyl)cyclopent-2-ene-1-carbaldehyde		
583	125113921	C[C@H]1[C@H](C=CC1=O)CO	(4S,5S)-4-(hydroxymethyl)-5-methylcyclopent-2-en-1-one		
584	125113922	C[C@@H]1[C@H](C=CC1=O)CO	(4S,5R)-4-(hydroxymethyl)-5-methylcyclopent-2-en-1-one		
585	125113923	C[C@@H]1[C@@H](C=CC1=O)CO	(4R,5R)-4-(hydroxymethyl)-5-methylcyclopent-2-en-1-one		
586	125113924	C[C@H]1[C@@H](C=CC1=O)CO	(4R,5S)-4-(hydroxymethyl)-5-methylcyclopent-2-en-1-one		
587	87619832	C1CC(C2C(O2)C=C1)O	8-Oxabicyclo[5.1.0]oct-5-en-2-ol		
588	117272600	C1C2CC(C1C=O)OC2	2-Oxabicyclo[2.2.1]heptane-6-carbaldehyde		
589	165154843	C1CC2(CO2)C3(C1)CO3	2,5-Dioxadispiro[2.0.24.33]nonane		
590	90719555	C1C=CC=CCOCO1	4,9-Dihydro-1,3-dioxonine		
591	89743134	C\1OCOC/C=C\C=C1	(5Z,7Z)-4,9-dihydro-1,3-dioxonine		
592	53841417	CC1=COC(=C1C)CO	(3,4-Dimethylfuran-2-yl)methanol		
593	85767203	CCC(=O)C1(CC1)C=O	1-Propanoylcyclopropane-1-carbaldehyde		
594	316474	C1CC(C=CC(=O)C1)O	4-Hydroxycyclohept-2-en-1-one		
595	53391481	C1C[C@H](C=CC(=O)C1)O	(4R)-4-hydroxycyclohept-2-en-1-one		
596	101414107	C1C[C@@H](C=CC(=O)C1)O	(4S)-4-hydroxycyclohept-2-en-1-one		
597	91290346	C1CC12[C@@H](C=C[C@@H]2O)O	(4S,7R)-spiro[2.4]hept-5-ene-4,7-diol		
598	102925	CC1CCC(=O)C(=O)C1	1,2-Cyclohexanedione, 4-methyl-		
599	13757463	C[C@@H]1CCC(=O)C(=O)C1	(4R)-4-methylcyclohexane-1,2-dione		
600	130763902	C1[C@H]2C[C@]3([C@H]1[C@H]3[C@@H]2O)O	(1R,2S,3R,4S,6R)-tricyclo[2.2.1.02,6]heptane-1,3-diol		
601	13952085	CC1=CC=C(O1)COC	2-(Methoxymethyl)-5-methylfuran		
602	130151815	C1C=CC(C(C=C1)O)O	Cyclohepta-3,6-diene-1,2-diol		
603	66818865	C1CC(=O)C2C1CCO2	2,3,3a,4,5,6a-Hexahydrocyclopenta[b]furan-6-one		
604	15633215	CC1CC2C(O2)C(=O)C1	4-Methyl-7-oxabicyclo[4.1.0]heptan-2-one		
605	11029842	C[C@@H]1C[C@@H]2[C@@H](O2)C(=O)C1	(1R,4R,6R)-4-methyl-7-oxabicyclo[4.1.0]heptan-2-one		
606	66874645	C1C2C=CC1OC2CO	2-Oxabicyclo[2.2.1]hept-5-en-3-ylmethanol		
607	153660877	C1CC(=O)OC2(C1)CC2	4-Oxaspiro[2.5]octan-5-one		
608	90866774	C1CC(C(=O)C=C1)CO	6-(Hydroxymethyl)cyclohex-2-en-1-one		
609	11018867	C1CC(=CC(=O)C1)CO	3-(Hydroxymethyl)cyclohex-2-en-1-one		
610	140009448	C1CC(C2C(C1)O2)C=O	Epoxy cyclohexane-3-carbaldehyde		
611	23270731	CCOC1CC=CC1=O	Qpsqwqgxscaatd-uhfffaoysa-		
612	89701367	CCC(=O)C1CC(=O)C1	3-Propanoylcyclobutan-1-one		
613	137698756	C1CC2(C1)CC(=O)OC2	6-Oxaspiro[3.4]octan-7-one		
614	58869815	C1C(C=CC1=O)CCO	4-(2-Hydroxyethyl)cyclopent-2-en-1-one		
615	142882657	CC1CC2(CC2)OC1=O	6-Methyl-4-oxaspiro[2.4]heptan-5-one		
616	70945	CC1C(=O)CCCC1=O	2-Methylcyclohexane-1,3-dione		
617	22020044	C1C2COC1C=C2CO	2-Oxabicyclo[2.2.1]hept-5-en-5-ylmethanol		
618	68127065	C1CC(=O)C2C1C2CO	6-(Hydroxymethyl)bicyclo[3.1.0]hexan-2-one		
619	89135423	C1CC(=O)[C@H]2[C@@H]1[C@@H]2CO	(1S,5S,6S)-6-(hydroxymethyl)bicyclo[3.1.0]hexan-2-one		
620	20270580	C1CC(=O)C2CC1CO2	6-Oxabicyclo[3.2.1]octan-4-one		
621	130877718	C1CC(=O)[C@H]2C[C@@H]1CO2	(1R,5R)-6-oxabicyclo[3.2.1]octan-4-one		
622	23456960	C1CC2(C1O2)CC3CO3	1-(Oxiran-2-ylmethyl)-5-oxabicyclo[2.1.0]pentane		
623	70600451	COCC1C=CCC1=O	2-(Methoxymethyl)cyclopent-3-en-1-one		
624	643000	COC(=O)C12CC(C1)C2	Methyl bicyclo[1.1.1]pentane-1-carboxylate		
625	123288900	C1C=CC2C1C(CO2)O	3,3a,4,6a-tetrahydro-2H-cyclopenta[b]furan-3-ol		
626	130035232	C1C(C1CC=O)CC=O	2-[2-(2-Oxoethyl)cyclopropyl]acetaldehyde		
627	130691467	C1[C@@H]([C@@H]1CC=O)CC=O	2-[(1R,2S)-2-(2-oxoethyl)cyclopropyl]acetaldehyde		
628	22572181	CC1(CCC(=O)C1=O)C	3,3-Dimethylcyclopentane-1,2-dione		
629	130145109	CC1C=CC(C2C1O2)O	5-Methyl-7-oxabicyclo[4.1.0]hept-3-en-2-ol		
630	14928615	C[C@@H]1C=C[C@H]([C@H]2[C@@H]1O2)O	(1S,2R,5R,6R)-5-methyl-7-oxabicyclo[4.1.0]hept-3-en-2-ol		
631	15761041	CC(=O)C1CC(C=C1)O	1-(4-Hydroxycyclopent-2-en-1-yl)ethanone		
632	15761042	CC(=O)[C@H]1C[C@H](C=C1)O	1-[(1S,4R)-4-hydroxycyclopent-2-en-1-yl]ethanone		
633	45085214	CC(=O)[C@@H]1C[C@@H](C=C1)O	1-[(1R,4S)-4-hydroxycyclopent-2-en-1-yl]ethanone		
634	143488	CC1=CC(=C(O1)C)OC	Furan, 3-methoxy-2,5-dimethyl-		
635	69568009	C1CC(=O)C(C=C1)CO	2-(Hydroxymethyl)cyclohex-3-en-1-one		
636	9793761	CC1CC(=O)CCC1=O	1,4-Cyclohexanedione, 2-methyl-		
637	124397035	C[C@H]1CC(=O)CCC1=O	(2S)-2-methylcyclohexane-1,4-dione		
638	12642265	CC1CCC(=O)C2C1O2	5-Methyl-7-oxabicyclo[4.1.0]heptan-2-one		
639	9989277	C[C@@H]1CCC(=O)[C@H]2[C@@H]1O2	(1R,5R,6R)-5-methyl-7-oxabicyclo[4.1.0]heptan-2-one		
640	9989278	C[C@@H]1CCC(=O)[C@@H]2[C@H]1O2	(1S,5R,6S)-5-methyl-7-oxabicyclo[4.1.0]heptan-2-one		
641	129322096	C[C@H]1CCC(=O)[C@@H]2[C@H]1O2	(1S,5S,6S)-5-methyl-7-oxabicyclo[4.1.0]heptan-2-one		
642	15414494	C1CC(=O)C(=C1)CCO	2-(2-Hydroxyethyl)cyclopent-2-en-1-one		
643	85995360	CC1(C2C1OC(=O)C2)C	6,6-Dimethyl-2-oxabicyclo[3.1.0]hexan-3-one		
644	102073330	CC1([C@@H]2[C@@H]1OC(=O)C2)C	(1S,5R)-6,6-dimethyl-2-oxabicyclo[3.1.0]hexan-3-one		
645	20675394	CC1C2C1C(=O)CC2O	4-Hydroxy-6-methylbicyclo[3.1.0]hexan-2-one		
646	54332966	C[C@H]1[C@H]2[C@@H]1C(=O)C[C@@H]2O	(1R,4S,5S,6S)-4-hydroxy-6-methylbicyclo[3.1.0]hexan-2-one		
647	59964161	C[C@H]1[C@H]2[C@@H]1C(=O)CC2O	(1R,5S,6S)-4-hydroxy-6-methylbicyclo[3.1.0]hexan-2-one		
648	12466202	CC(=O)C1=CCCC1O	1-(5-Hydroxy-1-cyclopentenyl)-ethanone		
649	12466203	CC(=O)C1=CCC[C@@H]1O	1-[(5S)-5-Hydroxycyclopent-1-en-1-yl]ethan-1-one		
650	124415128	CC(=O)C1=CCC[C@H]1O	1-[(5R)-5-hydroxycyclopenten-1-yl]ethanone		
651	165128476	C1C(CC12COC2)C=O	2-Oxaspiro[3.3]heptane-6-carbaldehyde		
652	59157233	CCC1=CC=C(O1)OC	2-Ethyl-5-methoxyfuran		
653	91042081	CC1(CCC=C1)OC=O	(1-Methylcyclopent-2-en-1-yl) formate		
654	60096142	CC1=C(OC=C1OC)C	4-Methoxy-2,3-dimethylfuran		
655	130028496	CC(=O)C1=CCC(C1)O	1-(4-Hydroxycyclopenten-1-yl)ethanone		
656	84647885	C1COCC12CC2C=O	5-Oxaspiro[2.4]heptane-1-carbaldehyde		
657	59154839	CCOCC1=COC=C1	3-(Ethoxymethyl)furan		
658	86634464	C1CC1C(=O)CCC=O	4-Cyclopropyl-4-oxobutanal		
659	69508020	CC12CC(C(O1)C=C2)O	4-Methyl-7-oxabicyclo[2.2.1]hept-5-en-2-ol		
660	88566704	C[C@@H]1CCC(=O)C1C=O	(2R)-2-methyl-5-oxocyclopentane-1-carbaldehyde		
661	10396847	CC1=CC(=C(O1)C)CO	(2,5-Dimethylfuran-3-yl)methanol		
662	67824224	CC1=CCC(CC1=O)O	5-Hydroxy-2-methylcyclohex-2-en-1-one		
663	12238776	CC1C2(O1)CCCC2=O	2-Methyl-1-oxaspiro[2.4]heptan-4-one		
664	15768146	CC1=C(C(=O)CC1)CO	2-(Hydroxymethyl)-3-methylcyclopent-2-en-1-one		
665	20497648	C1CC2(CC1CC2=O)O	1-Hydroxybicyclo[2.2.1]heptan-2-one		
666	101947293	C1C[C@]2(C[C@@H]1CC2=O)O	(1R,4R)-1-hydroxybicyclo[2.2.1]heptan-2-one		
667	21430208	C1CCC2(C1)COC2=O	2-Oxaspiro[3.4]octan-3-one		
668	69668	C1CC2(C=C1)OCCO2	1,4-Dioxaspiro[4.4]non-6-ene		
669	11480445	CC(C1=CC=CO1)OC	2-(1-Methoxyethyl)furan		
670	15657316	C1CCC2(C1)C(=O)CO2	1-Oxaspiro[3.4]octan-3-one		
671	21848476	C1CC2C(O2)CC1C=O	7-Oxabicyclo[4.1.0]heptane-3-carbaldehyde		
672	88560024	C1CC2C(O2)C[C@H]1C=O	(3S)-7-oxabicyclo[4.1.0]heptane-3-carbaldehyde		
673	90128147	C1CC2C(O2)C[C@@H]1C=O	(3R)-7-oxabicyclo[4.1.0]heptane-3-carbaldehyde		
674	147830199	C1CC(CC2[C@@H]1O2)C=O	(6R)-7-oxabicyclo[4.1.0]heptane-3-carbaldehyde		
675	12240294	CC1C=C(CC(=O)O1)C	4,6-dimethyl-3,6-dihydro-2H-pyran-2-one		
676	101211004	C[C@H]1C=C(CC(=O)O1)C	(2S)-2,4-dimethyl-2,5-dihydropyran-6-one		
677	101211006	C[C@@H]1C=C(CC(=O)O1)C	(2R)-2,4-dimethyl-2,5-dihydropyran-6-one		
678	11469079	CC1=CC(=O)CCC1O	2-Cyclohexen-1-one, 4-hydroxy-3-methyl-		
679	10877122	CC1=CC(=O)CC[C@H]1O	(4R)-4-hydroxy-3-methylcyclohex-2-en-1-one		
680	11550009	CC1=CC(=O)CC[C@@H]1O	(S)-4-Hydroxy-3-methylcyclohex-2-enone		
681	102375938	C1CC2(COCO2)C=C1	1,3-Dioxaspiro[4.4]non-8-ene		
682	11137166	CC1(C(C=CC1=O)O)C	4-Hydroxy-5,5-dimethylcyclopent-2-enone		
683	10942421	CC1([C@H](C=CC1=O)O)C	(4S)-4-hydroxy-5,5-dimethylcyclopent-2-en-1-one		
684	11007904	CC1([C@@H](C=CC1=O)O)C	(4R)-4-hydroxy-5,5-dimethylcyclopent-2-en-1-one		
685	91407438	CC1=CC(=O)CC(C1)O	5-Hydroxy-3-methylcyclohex-2-en-1-one		
686	102484481	CC1=CC(=O)C[C@@H](C1)O	(5R)-5-hydroxy-3-methylcyclohex-2-en-1-one		
687	23533617	C1CC2COCC1C2=O	3-Oxabicyclo[3.2.1]octan-8-one		
688	68066003	C1CC2COC[C@@H]1C2=O	(5R)-3-oxabicyclo[3.2.1]octan-8-one		
689	58424107	C1CC2C(=O)CC1CO2	2-Oxabicyclo[2.2.2]octan-6-one		
690	69420634	CCC(=O)C(=O)C1CC1	1-Cyclopropylbutane-1,2-dione		
691	75079593	C1CC2C1C(CC2=O)O	4-Hydroxybicyclo[3.2.0]heptan-2-one		
692	44604708	C1C[C@@H]2[C@H]1[C@H](CC2=O)O	(1R,4S,5S)-4-hydroxybicyclo[3.2.0]heptan-2-one		
693	19763	CC1(C(=O)CCC1=O)C	2,2-Dimethyl-1,3-cyclopentanedione		
694	130028197	CC(=O)C1(CCC=C1)O	1-(1-Hydroxycyclopent-2-en-1-yl)ethanone		
695	85365023	CC1(CCC(=O)C1)C=O	1-Methyl-3-oxocyclopentane-1-carbaldehyde		
696	11007903	C[C@]1(CCC(=O)C1)C=O	(1R)-1-methyl-3-oxocyclopentane-1-carbaldehyde		
697	33640	CCC(C1=CC=CO1)O	2-Furanmethanol, alpha-ethyl-		
698	642106	CC[C@H](C1=CC=CO1)O	2-(1-Hydroxypropyl)furan, (R)-		
699	11083896	CC[C@@H](C1=CC=CO1)O	(S)-1-(2-Furyl)-1-propanol		
700	90775064	C1CC2(CCC1=O)CO2	1-Oxaspiro[2.5]octan-6-one		
701	83814996	CCC1CC(=O)C(=O)C1	4-Ethylcyclopentane-1,2-dione		
702	10964500	C1CC2(C1)CCC(=O)O2	5-Oxaspiro[3.4]octane-6-one		
703	68336431	CC1=CC(=O)CC1OC	4-Methoxy-3-methylcyclopent-2-en-1-one		
704	25020798	CC1=C(CCC1=O)CO	3-Hydroxymethyl-2-methyl-cyclopent-2-enone		
705	11804760	CC1=C(OC=C1)C(C)O	1-(3-Methylfuran-2-yl)ethanol		
706	11062391	CC1=C(OC=C1)[C@H](C)O	(1s)-1-(3-Methylfuran-2-yl)ethan-1-ol		
707	101203601	CC1=C(OC=C1)[C@@H](C)O	(1R)-1-(3-methylfuran-2-yl)ethan-1-ol		
708	21954712	C1CCC2C(C1)C(=O)O2	7-Oxabicyclo[4.2.0]octan-8-one		
709	12168729	C1CC[C@@H]2[C@H](C1)C(=O)O2	(1S,6R)-7-oxabicyclo[4.2.0]octan-8-one		
710	15498804	C1CC[C@H]2[C@@H](C1)C(=O)O2	(1R,6S)-7-oxabicyclo[4.2.0]octan-8-one		
711	14612269	COCC1=CC(=O)CC1	3-(Methoxymethyl)cyclopent-2-en-1-one		
712	130142198	C1C2C=CC(C1O)C2O	Bicyclo[2.2.1]hept-5-ene-2,7-diol		
713	101697638	C1[C@@H]2C=C[C@@H]([C@H]1O)C2O	(1S,2S,4R)-bicyclo[2.2.1]hept-5-ene-2,7-diol		
714	101991105	C1[C@@H]2C=C[C@H]([C@H]1O)[C@H]2O	(1R,2S,4R,7S)-bicyclo[2.2.1]hept-5-ene-2,7-diol		
715	131089287	C1[C@@H]2C=C[C@H]([C@H]1O)[C@@H]2O	(1R,2S,4R,7R)-bicyclo[2.2.1]hept-5-ene-2,7-diol		
716	580975	CC1CC(=O)C(C1=O)C	2,4-Dimethyl-1,3-cyclopentanedione		
717	84647891	C1CC2CC2OC(=O)C1	2-Oxabicyclo[5.1.0]octan-3-one		
718	59720895	C1C(CC2C1O2)C3CO3	3-(Oxiran-2-yl)-6-oxabicyclo[3.1.0]hexane		
719	23268601	C[C@H]1[C@@]2(C[C@@H]2C(=O)O1)C	(1S,4S,5R)-4,5-dimethyl-3-oxabicyclo[3.1.0]hexan-2-one		
720	21413208	C1CCC(C1)C(=O)C=O	2-Cyclopentyl-2-oxoacetaldehyde		
721	11159331	C/1COCCC(=O)/C=C1	(5Z)-2,3,7,8-tetrahydrooxocin-4-one		
722	121280663	C1CC(=CCC1O)C=O	4-Hydroxycyclohexene-1-carbaldehyde		
723	53720178	CCC1C(=O)C=CCO1	6-ethyl-2H-pyran-5-one		
724	133675866	CC1COC2C1C(=O)C2	4-Methyl-2-oxabicyclo[3.2.0]heptan-6-one		
725	66865261	CCC1=CC(=O)OCC1	4-Ethyl-2,3-dihydropyran-6-one		
726	12553934	CC1C=CC(OC1=O)C	3,6-Dihydro-3,6-dimethyl-2H-pyran-2-one		
727	71423363	C[C@H]1C=C[C@H](OC1=O)C	(2R,5S)-2,5-dimethyl-2,5-dihydropyran-6-one		
728	12410002	CCC(C1=COC=C1)O	1-(Furan-3-yl)propan-1-ol		
729	12410003	CC[C@@H](C1=COC=C1)O	(1S)-1-(furan-3-yl)propan-1-ol		
730	79002031	CC[C@H](C1=COC=C1)O	(1R)-1-(furan-3-yl)propan-1-ol		
731	14408044	CC1CCC=CC(=O)O1	2-methyl-3,4-dihydro-2H-oxepin-7-one		
732	14408045	C[C@@H]1CCC=CC(=O)O1	(2R)-2-methyl-3,4-dihydro-2H-oxepin-7-one		
733	54090454	C1C(C=CC2C1O2)CO	7-Oxabicyclo[4.1.0]hept-4-en-3-ylmethanol		
734	90672018	CC1(CC=CC1=O)CO	5-(Hydroxymethyl)-5-methylcyclopent-2-en-1-one		
735	14148359	C1CC2C(C1)OCC2=O	4,5,6,6a-tetrahydro-3aH-cyclopenta[b]furan-3-one		
736	10558631	C1C[C@@H]2[C@H](C1)OCC2=O	(3aR,6aS)-4,5,6,6a-tetrahydro-3aH-cyclopenta[b]furan-3-one		
737	21595347	C1C[C@H]2[C@@H](C1)OCC2=O	(3aS,6aR)-4,5,6,6a-tetrahydro-3aH-cyclopenta[b]furan-3-one		
738	15566991	C1CC2(C1)CCOC2=O	6-Oxaspiro[3.4]octan-5-one		
739	54407874	C1CC1C(=O)OC2CC2	Cyclopropyl cyclopropanecarboxylate		
740	141297017	CC1CC2C(O2)C3C1O3	5-Methyl-3,8-dioxatricyclo[5.1.0.02,4]octane		
741	154706164	C1C2CC(=O)C1COC2	3-Oxabicyclo[3.2.1]octan-6-one		
742	13497894	COC1CC2C=CC1O2	5-Methoxy-7-oxabicyclo[2.2.1]hept-2-ene		
743	296912	C1CC2CC(C1)OC2=O	6-Oxabicyclo[3.2.1]octan-7-one		
744	12209241	C1C[C@@H]2C[C@H](C1)OC2=O	(1R,5S)-6-oxabicyclo[3.2.1]octan-7-one		
745	58952951	C1C[C@H]2CC(C1)C(=O)O2	(5S)-6-oxabicyclo[3.2.1]octan-7-one		
746	58952962	C1C[C@H]2C[C@@H](C1)OC2=O	CID 58952962		
747	89351555	C1C[C@@H]2CC(C1)OC2=O	(1R)-6-oxabicyclo[3.2.1]octan-7-one		
748	98140279	C1C[C@@H]2C[C@@H](C1)OC2=O	(1R,5R)-6-oxabicyclo[3.2.1]octan-7-one		
749	98140281	C1C[C@H]2C[C@H](C1)OC2=O	(1S,5S)-6-oxabicyclo[3.2.1]octan-7-one		
750	144771596	C1C[C@@H]2CC(C1)C(=O)O2	(5R)-6-oxabicyclo[3.2.1]octan-7-one		
751	130649485	CC1CC1C(=O)C(=O)C	1-(2-Methylcyclopropyl)propane-1,2-dione		
752	165154850	C1CC2(CC13CO3)CO2	2,6-Dioxadispiro[2.1.25.23]nonane		
753	13072830	C1C[C@H]2[C@@H]3[C@H]([C@@H]1C2O)O3	Ffngsrmudnabow-pnysxetksa-		
754	68125591	C1CC(=O)C=C1CCO	3-(2-Hydroxyethyl)cyclopent-2-en-1-one		
755	13521238	C1=COC=C1CCCO	3-(Furan-3-yl)propan-1-ol		
756	12428359	COC1CC=CCC1=O	6-Methoxycyclohex-3-en-1-one		
757	12561971	C1CC2C(O2)C3C(C1)O3	3,9-Dioxatricyclo[6.1.0.0~2,4~]nonane		
758	12561972	C1C[C@@H]2[C@@H](O2)[C@@H]3[C@H](C1)O3	(1R,2S,4S,8R)-3,9-dioxatricyclo[6.1.0.02,4]nonane		
759	117990569	C1C(C=CC1O)CC=O	2-(4-Hydroxycyclopent-2-en-1-yl)acetaldehyde		
760	88174241	C1[C@H](C=CC1CC=O)O	2-[(4R)-4-hydroxycyclopent-2-en-1-yl]acetaldehyde		
761	117990657	C1[C@H](C=C[C@H]1O)CC=O	2-[(1S,4S)-4-hydroxycyclopent-2-en-1-yl]acetaldehyde		
762	154940612	CC1CC1C(C=O)C=O	2-(2-Methylcyclopropyl)propanedial		
763	123420568	CC1(CCC=CC1=O)O	6-Hydroxy-6-methylcyclohex-2-en-1-one		
764	163073057	C[C@]1(CCC=CC1=O)O	(6R)-6-hydroxy-6-methylcyclohex-2-en-1-one		
765	60096123	CC1=COC(=C1C)OC	2-Methoxy-3,4-dimethylfuran		
766	143223763	C1CC2(CC1C=O)CO2	1-Oxaspiro[2.4]heptane-5-carbaldehyde		
767	101441382	CC1CCOC(=O)C=C1	4-methyl-3,4-dihydro-2H-oxepin-7-one		
768	102358008	C[C@@H]1CCOC(=O)C=C1	(4R)-4-methyl-3,4-dihydro-2H-oxepin-7-one		
769	15778362	C1CC1C2(CC2)OC=O	(1-Cyclopropylcyclopropyl) formate		
770	131057448	C1CC2C(C2OC1)C=O	2-Oxabicyclo[4.1.0]heptane-7-carbaldehyde		
771	84647889	C1C[C@H]2[C@H](C2C=O)OC1	(1R,6R)-2-oxabicyclo[4.1.0]heptane-7-carbaldehyde		
772	123694716	CC1C(=CC(=O)CO1)C	2,3-dimethyl-2H-pyran-5-one		
773	58391890	C1C2CC3C(C1CO3)O2	4,8-Dioxatricyclo[4.2.1.03,7]nonane		
774	131150625	C1C=C[C@H]([C@H]1C=O)CO	(1S,2R)-2-(hydroxymethyl)cyclopent-3-ene-1-carbaldehyde		
775	67274906	COCCC1=COC=C1	3-(2-Methoxyethyl)furan		
776	12261378	CC1=CC(=O)OC1(C)C	4,5,5-trimethyl-2(5H)-furanone		
777	70530771	CCC1=CCC(=O)C1O	3-Ethyl-2-hydroxycyclopent-3-en-1-one		
778	13443807	C1CC(C2C1C(=O)C2)O	2-Hydroxybicyclo[3.2.0]heptan-6-one		
779	13443808	C1C[C@@H]([C@H]2[C@@H]1C(=O)C2)O	(1R,2S,5R)-2-hydroxybicyclo[3.2.0]heptan-6-one		
780	14737039	CC1=CC(=O)OCCC1	5-methyl-3,4-dihydro-2H-oxepin-7-one		
781	14754472	CC[C@@H]1[C@H]2[C@@H]1C(=O)OC2	(1R,5S,6R)-6-ethyl-3-oxabicyclo[3.1.0]hexan-2-one		
782	101704490	CC[C@@H]1C2C1C(=O)OC2	(6R)-6-ethyl-3-oxabicyclo[3.1.0]hexan-2-one		
783	131847778	CC[C@H]1[C@@H]2[C@H]1C(=O)OC2	(1S,5R,6S)-6-ethyl-3-oxabicyclo[3.1.0]hexan-2-one		
784	21572613	CC(C)OC1=CC=CO1	2-(1-Methylethoxy)furan		
785	67387104	CC1CC2CC2OC1=O	4-Methyl-2-oxabicyclo[4.1.0]heptan-3-one		
786	13448216	CC1CC=CC(=O)C1O	6-Hydroxy-5-methylcyclohex-2-en-1-one		
787	15939670	C[C@H]1CC=CC(=O)[C@H]1O	(5S,6S)-6-hydroxy-5-methylcyclohex-2-en-1-one		
788	70533325	CC1=CCC(=O)C1OC	2-Methoxy-3-methylcyclopent-3-en-1-one		
789	22965747	CC(=O)C1C2C1OCC2	1-(2-Oxabicyclo[3.1.0]hexan-6-yl)ethanone		
790	84647888	CC(=O)C1[C@@H]2[C@H]1OCC2	1-[(1R,5R)-2-oxabicyclo[3.1.0]hexan-6-yl]ethanone		
791	163869094	CC(=O)C1[C@@H]2C1OCC2	1-[(5R)-2-oxabicyclo[3.1.0]hexan-6-yl]ethanone		
792	137949889	CC12CC(C1)(OC2)C=O	4-Methyl-2-oxabicyclo[2.1.1]hexane-1-carbaldehyde		
793	12954783	CCC1=C(C=CO1)CO	(2-Ethylfuran-3-yl)methanol		
794	21671352	C[C@H]1CO[C@H]2[C@@H]1CC2=O	(1S,4R,5R)-4-methyl-2-oxabicyclo[3.2.0]heptan-7-one		
795	21671353	C[C@@H]1CO[C@H]2[C@@H]1CC2=O	(1S,4S,5R)-4-methyl-2-oxabicyclo[3.2.0]heptan-7-one		
796	130036511	CC12CC(=O)C1COC2	1-Methyl-3-oxabicyclo[3.2.0]heptan-6-one		
797	130826982	C[C@]12CC(=O)[C@H]1COC2	(1S,5R)-1-methyl-3-oxabicyclo[3.2.0]heptan-6-one		
798	342363	CC1(CC(=O)C2C1O2)C	4,4-Dimethyl-6-oxabicyclo[3.1.0]hexan-2-one		
799	92148454	CC1(CC(=O)[C@H]2[C@@H]1O2)C	(1R,5R)-4,4-dimethyl-6-oxabicyclo[3.1.0]hexan-2-one		
800	92148455	CC1(CC(=O)[C@@H]2[C@H]1O2)C	(1S,5S)-4,4-dimethyl-6-oxabicyclo[3.1.0]hexan-2-one		
801	98546041	CC1(CC(=O)[C@@H]2[C@@H]1O2)C	(1S,5R)-4,4-dimethyl-6-oxabicyclo[3.1.0]hexan-2-one		
802	98546042	CC1(CC(=O)[C@H]2[C@H]1O2)C	(1R,5S)-4,4-dimethyl-6-oxabicyclo[3.1.0]hexan-2-one		
803	130037236	CC1C(C=C(C1=O)C)O	4-Hydroxy-2,5-dimethylcyclopent-2-en-1-one		
804	130764571	C[C@@H]1[C@@H](C=C(C1=O)C)O	2-Cyclopenten-1-one, 4-hydroxy-2,5-dimethyl-, cis-		
805	24973928	C1CC(=O)C=CC1CO	4-(Hydroxymethyl)cyclohex-2-enone		
806	11170974	C1CC(=O)C=C[C@@H]1CO	2-Cyclohexen-1-one, 4-(hydroxymethyl)-, (4R)-		
807	15473214	C1CC(=O)C=C[C@H]1CO	(4S)-4-(hydroxymethyl)cyclohex-2-en-1-one		
808	129879917	C1C2C1C3COC(C2)O3	7,9-Dioxatricyclo[4.2.1.02,4]nonane		
809	13426925	CC1=CC(=C(O1)CO)C	(3,5-Dimethylfuran-2-yl)methanol		
810	45085204	CC(=O)C1=CCOCC1	1-(3,6-Dihydro-2H-pyran-4-yl)ethan-1-one		
811	69885850	CC1C(=O)C=C(CO1)C	3,6-dimethyl-2H-pyran-5-one		
812	130127599	C1CC(C2C=CC1O2)O	8-Oxabicyclo[3.2.1]oct-6-en-2-ol		
813	130920578	C1C[C@@H]([C@H]2C=C[C@@H]1O2)O	(1R,2S,5R)-8-oxabicyclo[3.2.1]oct-6-en-2-ol		
814	57203024	CCC1C=CCOC1=O	5-Ethyl-2,5-dihydropyran-6-one		
815	265092	C1C2C=CC(C1CO)O2	7-Oxabicyclo[2.2.1]hept-5-en-2-ylmethanol		
816	92245426	C1[C@H]2C=C[C@@H]([C@@H]1CO)O2	rac-[(1R,2R,4R)-7-oxabicyclo[2.2.1]hept-5-en-2-yl]methanol		
817	92245427	C1[C@@H]2C=C[C@H]([C@@H]1CO)O2	rac-[(1R,2S,4R)-7-oxabicyclo[2.2.1]hept-5-en-2-yl]methanol		
818	98119190	C1[C@@H]2C=C[C@@H]([C@@H]1CO)O2	[(1S,2S,4R)-7-oxabicyclo[2.2.1]hept-5-en-2-yl]methanol		
819	98119191	C1[C@H]2C=C[C@H]([C@@H]1CO)O2	[(1R,2S,4S)-7-oxabicyclo[2.2.1]hept-5-en-2-yl]methanol		
820	98642406	C1[C@H]2C=C[C@@H]([C@H]1CO)O2	[(1S,2R,4S)-7-oxabicyclo[2.2.1]hept-5-en-2-yl]methanol		
821	99943837	C1[C@@H]2C=C[C@@H]([C@H]1CO)O2	[(1S,2R,4R)-7-oxabicyclo[2.2.1]hept-5-en-2-yl]methanol		
822	101857343	C1[C@@H]2C=C[C@H](C1CO)O2	[(1R,4R)-7-oxabicyclo[2.2.1]hept-5-en-2-yl]methanol		
823	129375118	C1[C@H]2C=C[C@H]([C@H]1CO)O2	[(1R,2R,4S)-7-oxabicyclo[2.2.1]hept-5-en-2-yl]methanol		
824	18534543	C1CCC(C1)(C=O)C=O	Cyclopentanedialdehyde		
825	11815359	CCC1(CC(=O)C=C1)O	4-Ethyl-4-hydroxycyclopent-2-en-1-one		
826	534047	CC1=C(C(=O)C(C1)O)C	2-Cyclopenten-1-one, 5-hydroxy-2,3-dimethyl-		
827	11116065	CC1=C(C(=O)[C@H](C1)O)C	5-Hydroxy-2,3-dimethylcyclopent-2-enone		
828	102297622	CC1=C(C(=O)[C@@H](C1)O)C	(5R)-5-hydroxy-2,3-dimethylcyclopent-2-en-1-one		
829	24975321	CCC1=C(COC1=O)C	3-ethyl-4-methyl-5H-furan-2-one		
830	59720899	C1CC2C(C1C3CO3)O2	2-(Oxiran-2-yl)-6-oxabicyclo[3.1.0]hexane		
831	18444636	CC1=C(C=CO1)CCO	2-(2-Methyl-furan-3-yl)-ethanol		
832	12224252	CCC1=CC(=O)OC1C	3-ethyl-2-methyl-2H-furan-5-one		
833	13182309	C1CC2CC(=O)CC1O2	8-Oxabicyclo[3.2.1]octan-3-one		
834	11829439	C1C[C@H]2CC(=O)C[C@@H]1O2	(1S,5R)-8-oxabicyclo[3.2.1]octan-3-one		
835	21627998	CC1=CCOC(C1)C=O	4-methyl-3,6-dihydro-2H-pyran-2-carbaldehyde		
836	5325609	CC1=CCO[C@H](C1)C=O	(2R)-4-methyl-3,6-dihydro-2H-pyran-2-carbaldehyde		
837	11018871	CC1=CCO[C@@H](C1)C=O	(2S)-4-methyl-3,6-dihydro-2H-pyran-2-carbaldehyde		
838	22952973	CC1=C(COC1)C(=O)C	1-(4-Methyl-2,5-dihydrofuran-3-yl)ethanone		
839	11083897	COC1CCC=CC1=O	6-Methoxycyclohex-2-en-1-one		
840	88247921	CC[C@H]1C[C@@H]1C(=O)C=O	2-[(1S,2S)-2-ethylcyclopropyl]-2-oxoacetaldehyde		
841	21638337	C[C@@]12[C@@H](CCO1)CC2=O	(1S,5S)-1-methyl-2-oxabicyclo[3.2.0]heptan-7-one		
842	146155624	C1CC2(C1)C3C(O3)CO2	Spiro[3,6-dioxabicyclo[3.1.0]hexane-2,1'-cyclobutane]		
843	162640210	CC(=O)C1(C=CCO1)C	5-Acetyl-5-methylfuran		
844	130029420	CC(=O)CC1CCC1=O	2-(2-Oxopropyl)cyclobutan-1-one		
845	13286794	C1CC(CC=C1)OC=O	Cyclohex-3-en-1-yl formate		
846	549129	COC(=O)C1=CCCC1	Methyl 1-cyclopentene-1-carboxylate		
847	20614519	CC(=O)C1(CC(=O)C1)C	3-Acetyl-3-methylcyclobutan-1-one		
848	130143483	C1C2CC3C1C(C2O)O3	4-Oxatricyclo[3.2.1.03,6]octan-2-ol		
849	130831154	C1[C@@H]2C[C@@H]3[C@H]1[C@H]([C@@H]2O)O3	(1R,2R,3R,5R,6S)-4-oxatricyclo[3.2.1.03,6]octan-2-ol		
850	134930602	C1[C@H]2C[C@H]3[C@@H]1[C@@H]([C@H]2O)O3	(1S,2S,3S,5S,6R)-4-oxatricyclo[3.2.1.03,6]octan-2-ol		
851	85886443	C1CC2CC2(C(=O)C1)O	1-Hydroxybicyclo[4.1.0]heptan-2-one		
852	91024298	C1C=CCC2C1OCO2	3a,4,7,7a-Tetrahydro-1,3-benzodioxole		
853	4072367	C1CCC(=O)CC(=O)C1	Cycloheptane-1,3-dione		
854	20272058	CC(C=O)C(=O)C1CC1	3-Cyclopropyl-2-methyl-3-oxopropanal		
855	11665410	C1CC2CC(=O)OC2C1	hexahydro-2H-cyclopenta[b]furan-2-one		
856	10351704	C1C[C@H]2CC(=O)O[C@H]2C1	(3aS,6aS)-Hexahydro-2H-cyclopenta[b]furan-2-one		
857	10975487	C1C[C@@H]2CC(=O)O[C@H]2C1	(3aR,6aS)-3,3a,4,5,6,6a-hexahydrocyclopenta[b]furan-2-one		
858	12282107	C1C[C@@H]2CC(=O)O[C@@H]2C1	(3aR,6aR)-3,3a,4,5,6,6a-hexahydrocyclopenta[b]furan-2-one		
859	89082659	C1C[C@H]2C(C1)CC(=O)O2	(6aS)-3,3a,4,5,6,6a-hexahydrocyclopenta[b]furan-2-one		
860	93475893	C1C[C@H]2CC(=O)O[C@@H]2C1	(3aS,6aR)-3,3a,4,5,6,6a-hexahydrocyclopenta[b]furan-2-one		
861	89006139	CCCC1=CC(=CO1)O	5-Propylfuran-3-ol		
862	228894	C1C2C3C2C(C1C3O)O	Tricyclo[2.2.1.02,6]heptane-3,5-diol		
863	10986228	C1C2[C@H](C3C1C3[C@H]2O)O	(3S,5R)-tricyclo[2.2.1.02,6]heptane-3,5-diol		
864	98478638	C1C2[C@H]3[C@H]2[C@@H](C1[C@@H]3O)O	(2S,3S,5R,6S)-tricyclo[2.2.1.02,6]heptane-3,5-diol		
865	99942691	C1C2[C@H]3[C@H]2[C@@H](C1[C@H]3O)O	(2S,3S,5S,6S)-tricyclo[2.2.1.02,6]heptane-3,5-diol		
866	124541002	C1C2[C@H]3[C@H]2[C@H](C1[C@@H]3O)O	(2S,3R,5R,6S)-tricyclo[2.2.1.02,6]heptane-3,5-diol		
867	10374471	C1CC2(C=CCO2)OC1	1,6-Dioxaspiro[4.4]non-3-ene		
868	71331119	CC1CC(=O)C(=C1)CO	2-(Hydroxymethyl)-4-methylcyclopent-2-en-1-one		
869	12320139	CCC1=CC(OC1=O)C	3-ethyl-5-methyl-2(5H)-furanone		
870	12320140	CCC1=C[C@H](OC1=O)C	(2R)-4-ethyl-2-methyl-2H-furan-5-one		
871	12213801	CCC1CC=CC(=O)O1	6-ethyl-5,6-dihydro-2H-pyran-2-one		
872	642789	CC[C@@H]1CC=CC(=O)O1	(2R)-2-ethyl-2,3-dihydropyran-6-one		
873	66652386	C1COC2(CC2)CC1=O	4-Oxaspiro[2.5]octan-7-one		
874	84064005	C1CC1C(=O)C2CCO2	Cyclopropyl(oxetan-2-yl)methanone		
875	458095	CC1CC(=O)CC(=O)C1	5-Methylcyclohexane-1,3-dione		
876	150334300	C1COCC2C1CC2=O	3-Oxabicyclo[4.2.0]octan-8-one		
877	57674688	CC1=C(OC=C1CO)C	(4,5-Dimethylfuran-3-yl)methanol		
878	10654229	CC1(CC(=O)C1)CC=O	2-(1-Methyl-3-oxocyclobutyl)acetaldehyde		
879	22619032	CC1C2C=CC(C1O)O2	3-Methyl-7-oxabicyclo[2.2.1]hept-5-en-2-ol		
880	12530983	C1CC1(CC=O)CC=O	2,2'-Cyclopropane-1,1-diyldiacetaldehyde		
881	14352521	CC(=O)CC1C=CCO1	1-(2,5-Dihydrofuran-2-yl)propan-2-one		
882	14352522	CC(=O)C[C@@H]1C=CCO1	1-[(2R)-2,5-Dihydrofuran-2-yl]propan-2-one		
883	139969048	C1CC2(CC1(C=C2)O)O	Bicyclo[2.2.1]hept-2-ene-1,4-diol		
884	85106625	C1CC12C=CC(C2O)O	Spiro[2.4]hept-4-ene-6,7-diol		
885	10057511	C1CC12C=C[C@@H]([C@@H]2O)O	(6S,7R)-spiro[2.4]hept-4-ene-6,7-diol		
886	130972109	C[C@@H]1[C@@H](C(=O)C=C1C)O	(4S,5S)-5-hydroxy-3,4-dimethylcyclopent-2-en-1-one		
887	131014560	C[C@H]1[C@@H](C(=O)C=C1C)O	(4R,5S)-5-hydroxy-3,4-dimethylcyclopent-2-en-1-one		
888	21601322	CC(C1=CC(=O)CC1)O	3-(1-Hydroxyethyl)cyclopent-2-enone		
889	10877123	C[C@H](C1=CC(=O)CC1)O	Dechlorotrichodenone C		
890	131160367	C[C@@H](C1=CC(=O)CC1)O	3-[(1S)-1-hydroxyethyl]cyclopent-2-en-1-one		
891	11846423	C[C@@H]1[C@H]2[C@@]1(COC2=O)C	(1S,5R,6R)-5,6-dimethyl-3-oxabicyclo[3.1.0]hexan-2-one		
892	102256271	C[C@H]1[C@H]2[C@@]1(COC2=O)C	(1S,5R,6S)-5,6-dimethyl-3-oxabicyclo[3.1.0]hexan-2-one		
893	122163504	C1CC2(C1)CC(=O)CO2	5-Oxaspiro[3.4]octan-7-one		
894	13808290	C1CC2(CC2)C(=O)OC1	5-Oxaspiro[2.5]octan-4-one		
895	12856946	COC(=O)C1CCC=C1	Methyl cyclopent-2-ene-1-carboxylate		
896	89855604	COC(=O)[C@H]1CCC=C1	methyl (1S)-cyclopent-2-ene-1-carboxylate		
897	92449030	COC(=O)[C@@H]1CCC=C1	methyl (1R)-cyclopent-2-ene-1-carboxylate		
898	122451015	C[C@]12CCC[C@H]1C(=O)O2	(1R,5S)-5-methyl-6-oxabicyclo[3.2.0]heptan-7-one		
899	58120000	CC(C)C1=CC(=CO1)O	5-Propan-2-ylfuran-3-ol		
900	22676884	COC1C=CCCC1=O	2-Methoxycyclohex-3-en-1-one		
901	54334166	CCOC1=COC(=C1)C	4-Ethoxy-2-methylfuran		
902	15652453	C1CC(=CCC1=O)CO	4-(Hydroxymethyl)cyclohex-3-en-1-one		
903	153956539	COC1C2CC(O1)C=C2	3-Methoxy-2-oxabicyclo[2.2.1]hept-5-ene		
904	146352314	C1CC(C2CC1O2)C=O	6-Oxabicyclo[3.1.1]heptane-2-carbaldehyde		
905	80455	CCOCC1=CC=CO1	2-(Ethoxymethyl)furan		
906	11029845	C1CC=C(C(=O)C1)CO	2-Cyclohexen-1-one, 2-(hydroxymethyl)-		
907	13037853	CCC1=CC(CC1=O)O	2-Ethyl-4-hydroxycyclopent-2-en-1-one		
908	58922279	CCC1=C[C@@H](CC1=O)O	(4R)-2-ethyl-4-hydroxycyclopent-2-en-1-one		
909	58922282	CCC1=C[C@H](CC1=O)O	(4S)-2-ethyl-4-hydroxycyclopent-2-en-1-one		
910	11480444	CCC1COC(=O)C=C1	2H-Pyran-2-one, 5-ethyl-5,6-dihydro-		
911	12671779	C1CC=CC(C1)OC=O	Cyclohex-2-en-1-yl formate		
912	14288766	C1CC(CC1C=O)C=O	Cyclopentane-1,3-dicarbaldehyde		
913	11159330	C1C[C@@H](C[C@@H]1C=O)C=O	(1R,3S)-cyclopentane-1,3-dicarbaldehyde		
914	92979288	C1C[C@@H](C[C@H]1C=O)C=O	(1S,3S)-cyclopentane-1,3-dicarbaldehyde		
915	85166619	CC1COC(=O)C(=C1)C	3,5-Dimethyl-2,3-dihydropyran-6-one		
916	10510861	C[C@H]1COC(=O)C(=C1)C	(3R)-3,5-dimethyl-2,3-dihydropyran-6-one		
917	101745038	C[C@@H]1COC(=O)C(=C1)C	(3S)-3,5-dimethyl-2,3-dihydropyran-6-one		
