	SMILES
0	[CH3][C](=[O])[CH]1[CH2][CH]2[O][CH]2[CH2]1
1	[O]=[C]1[CH2][CH]2[CH2][CH]([OH])[CH2][CH]12
2	[O]=[C]1[CH2][C@@H]2[CH2][C@H]([OH])[CH2][C@H]12
3	[O]=[C]1[CH2][C@H]2[CH2][C@@H]([OH])[CH2][C@@H]12
4	[CH3][CH2][O][c]1[cH][cH][o][c]1[CH3]
5	[CH3][C](=[O])[C]1([CH2][CH]=[O])[CH2][CH2]1
6	[CH3][O][CH]1[CH]=[C]([CH]=[O])[CH2][CH2]1
7	[O]=[C]([CH]1[CH2][CH2][CH2]1)[CH]1[CH2][O]1
8	[CH3][CH2][CH]1[CH2][CH2][C](=[O])[C]1=[O]
9	[CH3][CH2][C@H]1[CH2][CH2][C](=[O])[C]1=[O]
10	[CH3][C]12[CH2][CH2][CH]([CH2]1)[C](=[O])[O]2
11	[O]=[CH][CH]1[CH2][CH2][CH2][CH]1[CH]=[O]
12	[O]=[CH][C@H]1[CH2][CH2][CH2][C@@H]1[CH]=[O]
13	[CH3][C]12[CH2][CH]3[O][CH]3[CH2][CH]1[O]2
14	[CH3][CH]1[CH]=[CH][C](=[O])[CH]([OH])[CH2]1
15	[CH3][CH]1[CH2][CH]([CH3])[C](=[O])[C]1=[O]
16	[CH3][C@@H]1[CH2][C@H]([CH3])[C](=[O])[C]1=[O]
17	[CH3][C@@H]1[CH2][C@@H]([CH3])[C](=[O])[C]1=[O]
18	[CH3][C@H]1[CH2][C@H]([CH3])[C](=[O])[C]1=[O]
19	[O]=[C]1[CH2]/[CH]=[CH]\[CH2][CH2][CH2][O]1
20	[CH3][C](=[O])[CH2][C]1([CH]=[O])[CH2][CH2]1
21	[CH]1=[CH][CH]2[CH2][CH2][O][CH]([CH2]1)[O]2
22	[CH3][C]12[CH2][C]([CH3])([CH2]1)[C](=[O])[O]2
23	[CH3][O][CH2][CH]1[CH2][CH]=[CH][C]1=[O]
24	[CH3][C]12[O][CH]1[CH2][CH2][CH2][C]2=[O]
25	[CH3][C@]12[O][C@H]1[CH2][CH2][CH2][C]2=[O]
26	[CH3][C@@]12[O][C@@H]1[CH2][CH2][CH2][C]2=[O]
27	[CH3][O][CH]1[CH]=[CH][C](=[O])[CH]1[CH3]
28	[CH3][CH2][CH2][C]1=[CH][C](=[O])[O][CH2]1
29	[CH3][C]12[CH2][CH2][C](=[O])[CH2][CH]1[O]2
30	[CH3][C@]12[CH2][CH2][C](=[O])[CH2][C@H]1[O]2
31	[O]=[CH][CH2][C](=[O])[CH2][CH]1[CH2][CH2]1
32	[CH3][CH2][C@@]1([OH])[CH]=[CH][CH2][C]1=[O]
33	[CH3][CH2][c]1[o][c]([CH3])[cH][c]1[OH]
34	[O]=[C]1[CH2][CH2][CH2][O][C]12[CH2][CH2]2
35	[O]=[C]1[CH2][CH2][C]2([CH2][O][CH2]2)[CH2]1
36	[CH3][C]1([CH]=[O])[CH2][CH2][CH2][C]1=[O]
37	[CH3][C@@]1([CH]=[O])[CH2][CH2][CH2][C]1=[O]
38	[CH3][C@]1([CH]=[O])[CH2][CH2][CH2][C]1=[O]
39	[CH3][C]1([CH3])[O][CH2][CH]=[CH][C]1=[O]
40	[O]=[C]1[CH2][CH]2[CH2][CH2][CH]([CH2]2)[O]1
41	[O]=[C]1[CH2][C@H]2[CH2][CH2][C@H]([CH2]2)[O]1
42	[O]=[C]1[CH2][C@@H]2[CH2][CH2][C@@H]([CH2]2)[O]1
43	[O]=[C]1[CH2][C@H]2[CH2][CH2][C@@H]([CH2]2)[O]1
44	[OH][CH]1[CH2][CH]2[CH2][CH]1[CH]1[O][CH]21
45	[OH][C@@H]1[CH2][C@@H]2[CH2][C@H]1[C@H]1[O][C@@H]21
46	[OH][C@H]1[CH2][C@H]2[CH2][C@@H]1[C@@H]1[O][C@H]21
47	[OH][C@H]1[CH2][C@@H]2[CH2][C@H]1[CH]1[O][CH]12
48	[OH][C@H]1[CH2][C@@H]2[CH2][C@H]1[C@H]1[O][C@@H]21
49	[OH][C@H]1[CH2][C@@H]2[CH2][C@H]1[C@@H]1[O][C@H]21
50	[OH][CH]1[CH2][CH]2[CH2][C@H]1[CH]1[O][CH]21
51	[CH3][C]1=[CH][C](=[O])[CH2][CH]1[CH2][OH]
52	[CH3][C]1=[CH][C](=[O])[CH2][C@H]1[CH2][OH]
53	[O]=[CH][CH]1[CH2][CH]2[CH2][O][CH2][CH]12
54	[O]=[C]1[CH2][O][CH]([CH]2[CH2][CH2]2)[CH2]1
55	[O]=[C]1[CH2][O][C@@H]([CH]2[CH2][CH2]2)[CH2]1
56	[O]=[C]1[CH2][O][C@H]([CH]2[CH2][CH2]2)[CH2]1
57	[CH3][CH]1[CH]=[CH][CH2][CH2][C](=[O])[O]1
58	[CH3][CH]([CH2][OH])[c]1[cH][cH][o][cH]1
59	[CH3][C@@H]([CH2][OH])[c]1[cH][cH][o][cH]1
60	[CH3][C](=[O])[O][C]12[CH2][CH]([CH2]1)[CH2]2
61	[CH3][C]12[CH2][C](=[O])[CH2][C]1([CH3])[O]2
62	[CH3][C@H]1[C](=[O])[CH2][CH2][C@@H]2[O][C@@H]21
63	[CH3][C@@H]1[C](=[O])[CH2][CH2][C@H]2[O][C@@H]12
64	[CH3][CH]1[CH2][C](=[O])[CH]=[CH][CH]1[OH]
65	[CH3][C@@H]1[CH2][C](=[O])[CH]=[CH][C@H]1[OH]
66	[CH3][C@@H]1[CH2][C](=[O])[CH]=[CH][C@@H]1[OH]
67	[CH3][CH]1[CH2][C](=[O])[CH]=[CH][C@H]1[OH]
68	[CH3][CH]([OH])[CH2][c]1[cH][cH][cH][o]1
69	[CH3][C@@H]([OH])[CH2][c]1[cH][cH][cH][o]1
70	[CH3][C@H]([OH])[CH2][c]1[cH][cH][cH][o]1
71	[CH3][C]1=[CH][C](=[O])[O][CH]([CH3])[CH2]1
72	[CH3][C]1=[CH][C](=[O])[O][C@@H]([CH3])[CH2]1
73	[CH3][C]1=[CH][C](=[O])[O][C@H]([CH3])[CH2]1
74	[O]=[C]1[CH2][CH2][CH]2[CH2][C]12[CH2][OH]
75	[O]=[C]1[CH2][CH2][C@H]2[CH2][C@@]12[CH2][OH]
76	[O]=[C]1[CH2][CH2]/[CH]=[CH]\[CH2][CH2][O]1
77	[O]=[C]1[CH2][CH2]/[CH]=[CH]/[CH2][CH2][O]1
78	[CH3][CH2][C]12[CH2][CH]1[CH2][O][C]2=[O]
79	[CH]1=[CH][CH]2[CH2][CH]([CH2]1)[O][CH2][O]2
80	[CH3][C]1=[CH][C@@H]2[O][C@H]1[CH2][C@@H]2[OH]
81	[CH3][C]1=[CH][C@H]2[O][C@@H]1[CH2][C@H]2[OH]
82	[CH3][CH]1[CH2][CH]2[CH]([OH])[CH]2[C]1=[O]
83	[O]=[CH][C]1=[CH][CH2][CH2][CH2][CH]1[OH]
84	[O]=[CH][C]1=[CH][CH2][CH2][CH2][C@@H]1[OH]
85	[O]=[CH][C]1=[CH][CH2][CH2][CH2][C@H]1[OH]
86	[CH3][CH2][c]1[cH][c]([OH])[c]([CH3])[o]1
87	[CH3][C]12[CH2][CH2][CH]([CH2]1)[O][C]2=[O]
88	[O]=[C]1[CH2][CH2][O][CH2][C]12[CH2][CH2]2
89	[CH3][O][CH2][c]1[cH][o][cH][c]1[CH3]
90	[CH3][C]1=[C]([CH3])[CH]([OH])[CH2][C]1=[O]
91	[CH3][C]1=[C]([CH3])[C@@H]([OH])[CH2][C]1=[O]
92	[CH3][C]1=[C]([CH3])[C@H]([OH])[CH2][C]1=[O]
93	[CH3][c]1[cH][cH][o][c]1[CH2][CH2][OH]
94	[CH3][C]1([CH3])[O][C]2([CH2][CH2]2)[C]1=[O]
95	[CH3][CH2][c]1[cH][o][cH][c]1[O][CH3]
96	[OH][C@@H]1[C@H]2[CH2][C@H]3[CH2][C@@H]1[O][C@H]32
97	[CH3][CH2][CH2][CH]1[CH]=[CH][C](=[O])[O]1
98	[CH3][CH2][CH2][C@@H]1[CH]=[CH][C](=[O])[O]1
99	[CH3][CH2][CH2][C@H]1[CH]=[CH][C](=[O])[O]1
100	[O]=[C]1[CH2][CH]([CH]2[CH2][CH2]2)[CH2][O]1
101	[CH3][O][C](=[O])[CH]1[CH]2[CH2][CH]1[CH2]2
102	[CH]1=[CH][C@@H]2[O][CH2][CH2][C@@H]2[O][CH2]1
103	[CH3][C]12[CH2][O][CH]([CH2]1)[C](=[O])[CH2]2
104	[CH3][C](=[O])[C]1([CH]=[O])[CH2][CH2][CH2]1
105	[CH3][CH]1[C](=[O])[CH2][C](=[O])[CH]1[CH3]
106	[O]=[C]1[CH2][CH]2[CH2][CH2][CH]1[CH]2[OH]
107	[O]=[C]1[CH2][C@@H]2[CH2][CH2][C@H]1[C@H]2[OH]
108	[O]=[C]1[CH2][C@@H]2[CH2][CH2][C@H]1[C@@H]2[OH]
109	[OH][CH]1[CH]=[CH][C@H]2[CH2][CH2][C@@H]1[O]2
110	[CH3][CH]1[CH2][CH2][CH2][C](=[O])[C]1=[O]
111	[CH3][C@H]1[CH2][CH2][CH2][C](=[O])[C]1=[O]
112	[CH3][C@@H]1[CH2][CH2][CH2][C](=[O])[C]1=[O]
113	[O]=[C]1[CH]=[CH][CH2][CH]([CH2][OH])[CH2]1
114	[O]=[C]1[CH]=[CH][CH2][C@@H]([CH2][OH])[CH2]1
115	[O]=[C]1[CH]=[CH][CH2][C@H]([CH2][OH])[CH2]1
116	[OH][CH2][C]12[CH2][CH]=[CH][CH2][CH]1[O]2
117	[CH3][C]1=[C]([CH3])[C](=[O])[O][CH2][CH2]1
118	[CH3][C]1=[C]([CH3])[CH2][C](=[O])[O][CH2]1
119	[O]=[C]1[O][CH2][CH]2[CH2][CH2][CH2][CH]12
120	[O]=[C]1[O][CH2][C@@H]2[CH2][CH2][CH2][C@H]12
121	[O]=[C]1[O][CH2][C@H]2[CH2][CH2][CH2][C@@H]12
122	[O]=[C]1[O][CH2][C@H]2[CH2][CH2][CH2][CH]12
123	[O]=[C]1[O][CH2][C@@H]2[CH2][CH2][CH2][C@@H]12
124	[O]=[C]1[O][CH2][C@H]2[CH2][CH2][CH2][C@H]12
125	[CH3][C]1=[CH][CH]([CH2][OH])[CH2][C]1=[O]
126	[CH3][CH2][CH]1[C@H]2[O][C](=[O])[CH2][C@@H]12
127	[CH3][CH2][CH]1[CH2][C](=[O])[CH2][C]1=[O]
128	[O]=[CH][CH2][CH]1[CH]2[CH2][O][CH2][CH]12
129	[CH3][C](=[O])[C]12[CH2][C]([OH])([CH2]1)[CH2]2
130	[CH3][c]1[cH][c]([CH2][OH])[o][c]1[CH3]
131	[CH3][C]12[CH2][CH2][C](=[O])[C]1([CH3])[O]2
132	[CH3][CH]([OH])[C]1=[CH][CH2][CH2][C]1=[O]
133	[CH3][C]1=[CH][C@@H]([OH])[C@H]2[O][C@H]2[CH2]1
134	[CH3][C]1=[CH][C@H]([OH])[CH]2[O][CH]2[CH2]1
135	[CH3][CH]1[CH2][CH]=[CH][CH2][C](=[O])[O]1
136	[CH3][CH2][O][CH]1[CH]=[CH][CH2][C]1=[O]
137	[O]=[CH][O][CH2][C]1=[CH][CH2][CH2][CH2]1
138	[CH3][C]1=[CH][C](=[O])[CH2][C]1([CH3])[OH]
139	[CH3][C]1=[CH][C](=[O])[CH2][C@@]1([CH3])[OH]
140	[CH3][C]1=[CH][C](=[O])[CH2][C@]1([CH3])[OH]
141	[O]=[C]1[CH]2[CH2][CH2][CH]([CH2]2)[CH]1[OH]
142	[O]=[C]1[C@@H]2[CH2][CH2][C@@H]([CH2]2)[C@H]1[OH]
143	[O]=[C]1[C@@H]2[CH2][CH2][C@H]([CH2]2)[C@@H]1[OH]
144	[O]=[C]1[C@H]2[CH2][CH2][C@@H]([CH2]2)[C@H]1[OH]
145	[O]=[C]1[C@H]2[CH2][CH2][CH]([CH2]2)[C@@H]1[OH]
146	[O]=[C]1[CH]2[CH2][CH2][C@@H]([CH2]2)[C@H]1[OH]
147	[CH3][O][C]12[CH]=[CH][CH]([CH2][CH2]1)[O]2
148	[CH3][C@]1([OH])[CH2][C@H]2[CH]=[CH][C@@H]1[O]2
149	[O]=[CH][CH2][CH]1[CH]=[CH][CH2][CH]1[OH]
150	[O]=[CH][CH2][C@@H]1[CH]=[CH][CH2][C@@H]1[OH]
151	[O]=[CH][CH2][C@H]1[CH]=[CH][CH2][C@H]1[OH]
152	[O]=[CH][C]1([OH])[CH2][CH]=[CH][CH2][CH2]1
153	[CH3][CH]([CH3])[C]1=[CH][CH2][O][C]1=[O]
154	[CH3][C](=[O])[C](=[O])[CH]1[CH2][CH2][CH2]1
155	[CH3][CH2][C@]12[CH2][CH2][C](=[O])[C@H]1[O]2
156	[O]=[C]1[CH2][CH2][CH2][C](=[O])[CH2][CH2]1
157	[O]=[CH][CH]1[CH]=[CH][CH2][CH2][C@@H]1[OH]
158	[O]=[C]1[CH2][C]2([CH2][CH2][O]1)[CH2][CH2]2
159	[O]=[CH][CH2][C](=[O])[CH]1[CH2][CH2][CH2]1
160	[O]=[CH][O][C@H]1[CH2][CH]2[CH2][CH]1[CH2]2
161	[OH][CH]1[CH2][CH]2[CH]=[CH][CH]([CH2]1)[O]2
162	[OH][CH]1[CH2][C@H]2[CH]=[CH][C@@H]([CH2]1)[O]2
163	[OH][CH]1[CH2][C@H]2[CH]=[CH][C@H]([CH2]1)[O]2
164	[CH3][C@@H]1[CH2][CH2][C@H]2[O][C](=[O])[C@@H]12
165	[O]=[C]1[CH2][CH]2[CH2][CH]([OH])[CH]1[CH2]2
166	[O]=[C]1[CH2][C@H]2[CH2][CH]([OH])[C@@H]1[CH2]2
167	[O]=[C]1[CH2][C@@H]2[CH2][C@@H]([OH])[C@H]1[CH2]2
168	[O]=[C]1[CH2][C@@H]2[CH2][C@H]1[C@@H]([OH])[CH2]2
169	[O]=[C]1[CH2][C@H]2[CH2][C@H]([OH])[C@H]1[CH2]2
170	[CH3][CH2][c]1[cH][c]([O][CH3])[cH][o]1
171	[O]=[C]1[CH2][CH2][CH]([OH])[C]12[CH2][CH2]2
172	[O]=[C]1[CH2][CH2][C@H]([OH])[C]12[CH2][CH2]2
173	[CH3][CH2][O][c]1[cH][c]([CH3])[cH][o]1
174	[O]=[C]1[CH2][O][CH]2[CH2][CH2][CH]1[CH2]2
175	[O]=[C]1[CH2][C]2([CH2]1)[CH2][CH]([OH])[CH2]2
176	[O]=[C]1[CH2][CH2][CH]2[CH2][O][CH2][CH]12
177	[O]=[C]1[CH2][CH2][C@H]2[CH2][O][CH2][C@@H]12
178	[OH][CH2][C]1=[CH][CH]2[O][CH]2[CH2][CH2]1
179	[O]=[C]1[CH2][CH]2[CH2][CH2][CH2][O][CH]12
180	[CH3][c]1[cH][o][c]([CH3])[c]1[CH2][OH]
181	[O]=[C]1[CH2][CH2][CH2][CH]2[O][CH]2[CH2]1
182	[CH3][c]1[cH][cH][c]([CH2][CH2][OH])[o]1
183	[OH][CH2][C]1=[CH][CH2][CH]2[O][CH]2[CH2]1
184	[O]=[CH][CH]1[CH]=[CH][CH2][CH]([OH])[CH2]1
185	[CH3][CH2][c]1[o][cH][cH][c]1[O][CH3]
186	[CH3][CH2][C]12[O][CH]1[CH2][CH2][C]2=[O]
187	[CH3][C]1([CH3])[CH2][CH]1[C](=[O])[CH]=[O]
188	[O]=[C]1[CH2][CH2][CH2][C]2([CH2][O]2)[CH2]1
189	[CH3][CH]1[C](=[O])[CH]=[CH][CH2][CH]1[OH]
190	[CH3][C@@H]1[C](=[O])[CH]=[CH][CH2][C@@H]1[OH]
191	[OH][CH2][C]1=[CH][CH]2[CH2][CH2][CH]1[O]2
192	[O]=[CH][CH]1[CH2][CH]=[CH][CH2][CH]1[OH]
193	[O]=[CH][C@H]1[CH2][CH]=[CH][CH2][C@H]1[OH]
194	[CH3][CH]1[C](=[O])[CH]2[CH2][CH2][CH]1[O]2
195	[CH3][C@H]1[C](=[O])[C@@H]2[CH2][CH2][C@H]1[O]2
196	[O]=[C]1[CH2][CH2][C]2([CH2][CH2]2)[CH2][O]1
197	[O]=[C]1[CH]=[CH][CH2][CH2][CH2][CH2][O]1
198	[O]=[C]1/[CH]=[CH]\[CH2][CH2][CH2][CH2][O]1
199	[CH3][CH2][O][c]1[o][cH][cH][c]1[CH3]
200	[CH3][C](=[O])[O][CH]1[CH]2[CH2][CH]1[CH2]2
201	[CH3][C](=[O])[CH]1[CH2][CH]=[CH][CH2][O]1
202	[CH3][C](=[O])[C@@H]1[CH2][CH]=[CH][CH2][O]1
203	[CH3][C]1=[CH][CH]([OH])[CH2][CH2][C]1=[O]
204	[CH3][C]1=[CH][C@H]([OH])[CH2][CH2][C]1=[O]
205	[CH3][C]1=[CH][C@@H]([OH])[CH2][CH2][C]1=[O]
206	[CH3][CH2][C]1=[CH][CH2][CH2][O][C]1=[O]
207	[O]=[CH][CH]1[CH]=[CH][CH]([OH])[CH2][CH2]1
208	[CH3][C](=[O])[CH]1[CH]2[CH2][O][CH2][CH]21
209	[CH3][C](=[O])[CH]1[C@H]2[CH2][O][CH2][C@@H]12
210	[CH3][C](=[O])[CH]1[CH]2[CH2][O][CH2][C@@H]21
211	[CH3][CH]1[CH]=[CH][C](=[O])[CH]([CH3])[O]1
212	[CH3][C@@H]1[CH]=[CH][C](=[O])[C@H]([CH3])[O]1
213	[CH3][C@@H]1[O][C@@H]([CH3])[CH]=[CH][C]1=[O]
214	[CH3][C@@H]1[CH]=[CH][C](=[O])[C@@H]([CH3])[O]1
215	[CH3][CH]1[CH]=[CH][C](=[O])[C@H]([CH3])[O]1
216	[CH3][C]1=[CH][CH2][C]([CH3])([OH])[C]1=[O]
217	[CH2]1[CH2][CH]2[O][C]2([CH]2[CH2][O]2)[CH2]1
218	[CH3][CH]1[CH2][CH2][C](=[O])[CH2][C]1=[O]
219	[CH3][C@@H]1[CH2][CH2][C](=[O])[CH2][C]1=[O]
220	[CH3][C@H]1[CH2][CH2][C](=[O])[CH2][C]1=[O]
221	[O]=[C]1[CH2][CH2][C]12[CH2][CH2][CH2][O]2
222	[O]=[C]1[CH2][CH2][C@]12[CH2][CH2][CH2][O]2
223	[CH3][C]12[CH2][C]([O][CH]=[O])([CH2]1)[CH2]2
224	[OH][CH2][C]12[CH2][CH]3[CH2][CH]1[CH]2[O]3
225	[CH3][CH]([CH2][OH])[c]1[cH][cH][cH][o]1
226	[CH3][C@@H]([CH2][OH])[c]1[cH][cH][cH][o]1
227	[CH3][C@H]([CH2][OH])[c]1[cH][cH][cH][o]1
228	[CH3][CH2][O][CH]1[CH]=[CH][C](=[O])[CH2]1
229	[O]=[C]1[CH2][CH2][O][C]12[CH2][CH2][CH2]2
230	[CH3][C](=[O])[CH2][C](=[O])[CH]1[CH2][CH2]1
231	[O]=[CH][CH2][CH]1[CH2][CH2][CH2][C]1=[O]
232	[CH3][C](=[O])[C]1=[CH][CH]([OH])[CH2][CH2]1
233	[CH3][C](=[O])[CH]1[CH2][CH]1[C]([CH3])=[O]
234	[CH3][C](=[O])[C@H]1[CH2][C@H]1[C]([CH3])=[O]
235	[CH3][C](=[O])[C@H]1[CH2][C@@H]1[C]([CH3])=[O]
236	[CH3][C](=[O])[C@@H]1[CH2][C@H]1[C]([CH3])=[O]
237	[CH3][C](=[O])[CH]1[CH2][C@H]1[C]([CH3])=[O]
238	[O]=[C]1[CH2][CH2][CH]2[CH2][CH2][CH]1[O]2
239	[O]=[C]1[CH2][CH2][C@H]2[CH2][CH2][C@@H]1[O]2
240	[O]=[C]1[CH2][CH2][C@H]2[CH2][CH2][C@H]1[O]2
241	[CH3][C]1=[CH][CH2][CH2][CH2][O][C]1=[O]
242	[CH3][C]1([CH3])[O][CH]2[CH2][CH]2[C]1=[O]
243	[CH3][C]1([CH3])[O][C@H]2[CH2][C@H]2[C]1=[O]
244	[CH3][CH]([OH])[CH2][c]1[cH][cH][o][cH]1
245	[CH3][C@H]([OH])[CH2][c]1[cH][cH][o][cH]1
246	[CH3][C@@H]([OH])[CH2][c]1[cH][cH][o][cH]1
247	[O]=[CH][CH]([OH])[C]1=[CH][CH2][CH2][CH2]1
248	[CH3][CH]1[CH2][CH2][CH]([CH]=[O])[C]1=[O]
249	[CH3][C](=[O])[CH]1[CH2][CH]([CH]=[O])[CH2]1
250	[CH3][CH]1[CH2][CH]=[CH][CH2][O][C]1=[O]
251	[O]=[C]1[CH2][CH]2[CH2][CH]1[CH2][CH]2[OH]
252	[O]=[C]1[CH2][C@H]2[CH2][C@@H]1[CH2][C@@H]2[OH]
253	[O]=[C]1[CH2][C@@H]2[CH2][C@H]1[CH2][C@@H]2[OH]
254	[O]=[C]1[CH2][C@@H]2[CH2][C@H]1[CH2][C@H]2[OH]
255	[O]=[C]1[CH2][C@H]2[CH2][C@@H]1[CH2][C@H]2[OH]
256	[CH3][C](=[O])[O][CH]1[CH]=[CH][CH2][CH2]1
257	[CH3][C](=[O])[O][C@H]1[CH]=[CH][CH2][CH2]1
258	[CH3][C](=[O])[O][C@@H]1[CH]=[CH][CH2][CH2]1
259	[CH3][CH]1[C](=[O])[CH2][CH2][CH]1[CH]=[O]
260	[CH3][C@@H]1[C](=[O])[CH2][CH2][C@H]1[CH]=[O]
261	[CH3][C@H]1[C](=[O])[CH2][CH2][C@@H]1[CH]=[O]
262	[CH3][C@H]1[C](=[O])[CH2][CH2][C@H]1[CH]=[O]
263	[CH3][C@@H]1[C](=[O])[CH2][CH2][C@@H]1[CH]=[O]
264	[CH3][CH2][CH2][C]1=[CH][CH2][O][C]1=[O]
265	[CH3][C]1([OH])[CH2][CH]=[CH][C](=[O])[CH2]1
266	[CH3][C]12[CH2][CH2][CH]([O]1)[C](=[O])[CH2]2
267	[CH3][C@@]12[CH2][CH2][C@@H]([O]1)[C](=[O])[CH2]2
268	[CH3][CH2][c]1[cH][c]([CH2][OH])[cH][o]1
269	[O]=[CH][CH]1[CH2][CH2][CH]=[CH][CH]1[OH]
270	[O]=[C]1[CH2][C@H]2[CH2][C@@H]1[C@@H]2[CH2][OH]
271	[CH3][C]1([CH3])[CH2][C](=[O])[CH2][C]1=[O]
272	[O]=[CH][CH]([CH]=[O])[CH]1[CH2][CH2][CH2]1
273	[CH3][CH]1[CH2][C](=[O])[C](=[O])[CH]1[CH3]
274	[CH3][C@H]1[CH2][C](=[O])[C](=[O])[C@@H]1[CH3]
275	[CH3][C@@H]1[CH2][C](=[O])[C](=[O])[C@@H]1[CH3]
276	[CH3][C@@H]1[C](=[O])[C](=[O])[CH2][C@@H]1[CH3]
277	[CH3][C@@H]1[CH2][C](=[O])[C](=[O])[C@H]1[CH3]
278	[O]=[C]1[CH2][CH2][CH]2[O][CH2][CH2][CH]12
279	[O]=[C]1[CH2][CH]2[O][CH2][CH2][CH2][CH]12
280	[O]=[C]1[CH2][C@H]2[O][CH2][CH2][CH2][C@@H]12
281	[O]=[C]1[CH2][C@H]2[O][CH2][CH2][CH2][C@H]12
282	[O]=[C]1[CH2][C@@H]2[O][CH2][CH2][CH2][C@@H]12
283	[O]=[C]1[CH2][C@@H]2[O][CH2][CH2][CH2][C@H]12
284	[O]=[CH][CH]1[CH2][CH2][C]2([CH2][CH2]2)[O]1
285	[O]=[CH][C@@H]1[CH2][CH2][C]2([CH2][CH2]2)[O]1
286	[O]=[CH][C@H]1[CH2][CH2][C]2([CH2][CH2]2)[O]1
287	[CH3][O][C](=[O])[C]12[CH2][CH2][CH]1[CH2]2
288	[CH3][CH2][C]1([CH3])[CH]=[CH][C](=[O])[O]1
289	[O]=[CH][CH]1[CH]2[CH2][CH2][CH]([OH])[CH]12
290	[CH]1=[CH][CH]([CH2][CH]2[CH2][O]2)[O][CH2]1
291	[OH][CH]1[CH]=[CH][C]2([CH2][CH2]1)[CH2][O]2
292	[CH3][CH2][c]1[cH][cH][o][c]1[CH2][OH]
293	[CH3][C]1=[CH][C](=[O])[CH]([OH])[CH2][CH2]1
294	[CH3][C]1=[CH][C](=[O])[C@@H]([OH])[CH2][CH2]1
295	[CH3][C]1=[CH][C](=[O])[C@H]([OH])[CH2][CH2]1
296	[CH3][CH]1[CH]2[CH2][CH2][CH]1[C](=[O])[O]2
297	[CH3][CH]1[CH2][CH]2[CH2][CH]1[C](=[O])[O]2
298	[CH3][CH]1[CH2][C@H]2[CH2][C@@H]1[C](=[O])[O]2
299	[CH3][C@H]1[CH2][C@H]2[CH2][CH]1[C](=[O])[O]2
300	[O]=[C]1[O][CH2][CH]2[CH2][CH2][CH]1[CH2]2
301	[O]=[C]1[O][CH2][C@H]2[CH2][CH2][C@@H]1[CH2]2
302	[O]=[C]1[O][CH2][C@@H]2[CH2][CH2][C@H]1[CH2]2
303	[CH3][C]1([CH3])[CH]=[CH][C](=[O])[CH2][O]1
304	[CH3][C]1=[CH][CH]([CH3])[C](=[O])[O][CH2]1
305	[CH3][C]1=[CH][C@H]([CH3])[C](=[O])[O][CH2]1
306	[O]=[C]1[CH2][CH]=[CH][CH]([CH2][OH])[CH2]1
307	[CH3][CH]1[CH2][CH]([OH])[CH]=[CH][C]1=[O]
308	[CH3][C@H]1[CH2][C@H]([OH])[CH]=[CH][C]1=[O]
309	[CH3][C@H]1[CH2][C@@H]([OH])[CH]=[CH][C]1=[O]
310	[CH3][C@@H]1[CH2][C@@H]([OH])[CH]=[CH][C]1=[O]
311	[CH3][C@@H]1[CH2][C@H]([OH])[CH]=[CH][C]1=[O]
312	[CH3][O][c]1[o][c]([CH3])[cH][c]1[CH3]
313	[CH3][C]1=[CH][CH]([OH])[C](=[O])[CH2][CH2]1
314	[O]=[C]1[CH]=[CH][CH2][CH]1[CH2][CH2][OH]
315	[O]=[C]1[CH2][CH2][CH]=[CH][CH2][CH]1[OH]
316	[CH3][C@@H]1[CH2][CH2][C@@H]2[O][C@@H]2[C]1=[O]
317	[CH3][C@H]1[CH2][CH2][C@H]2[O][C@H]2[C]1=[O]
318	[CH3][CH]1[CH]([CH]=[O])[CH2][CH]1[CH]=[O]
319	[O]=[C]1[CH2][CH2][CH2][CH2][C]12[CH2][O]2
320	[OH][CH]1[CH]2[CH]=[CH][CH]([CH2]2)[CH]1[OH]
321	[OH][CH]1[CH]([OH])[C@H]2[CH]=[CH][C@@H]1[CH2]2
322	[OH][C@H]1[C@H]([OH])[C@H]2[CH]=[CH][C@@H]1[CH2]2
323	[OH][C@@H]1[C@H]([OH])[C@@H]2[CH]=[CH][C@H]1[CH2]2
324	[OH][C@@H]1[C@H]([OH])[C@H]2[CH]=[CH][C@@H]1[CH2]2
325	[OH][C@@H]1[CH]2[CH]=[CH][CH]([CH2]2)[C@@H]1[OH]
326	[OH][C@@H]1[C@H]([OH])[C@@H]2[CH]=[CH][C@@H]1[CH2]2
327	[OH][C@H]1[CH]2[CH]=[CH][CH]([CH2]2)[C@@H]1[OH]
328	[O]=[C]1[CH2][O][CH2][C]12[CH2][CH2][CH2]2
329	[CH3][c]1[cH][o][c]([CH]([CH3])[OH])[cH]1
330	[CH3][c]1[cH][o][c]([C@H]([CH3])[OH])[cH]1
331	[O]=[C]1[CH2][CH2][CH]([OH])[CH]2[CH2][CH]12
332	[O]=[C]1[CH2][CH2][C@H]([OH])[C@@H]2[CH2][C@H]12
333	[O]=[C]1[CH2][CH2][C@@H]([OH])[C@@H]2[CH2][C@H]12
334	[CH3][C]1([CH3])[CH]2[CH2][O][C](=[O])[CH]21
335	[CH3][C]1([CH3])[C@@H]2[CH2][O][C](=[O])[C@@H]21
336	[CH3][C]1([CH3])[C@@H]2[C](=[O])[O][CH2][C@@H]21
337	[CH3][C]1([CH3])[CH]2[CH2][O][C](=[O])[C@@H]21
338	[CH3][C]1([CH3])[CH]2[CH2][O][C](=[O])[C@H]21
339	[CH3][C]1([CH3])[CH]2[C](=[O])[O][CH2][C@H]21
340	[CH3][C]1=[CH][CH2][CH2][CH]([OH])[C]1=[O]
341	[CH3][C]1=[CH][C](=[O])[CH]([CH3])[CH]1[OH]
342	[CH3][CH]([CH3])[CH]1[CH]=[CH][C](=[O])[O]1
343	[CH3][CH]([CH3])[C@H]1[CH]=[CH][C](=[O])[O]1
344	[CH3][CH]([CH3])[C@@H]1[CH]=[CH][C](=[O])[O]1
345	[CH3][CH]([CH3])[O][c]1[cH][cH][o][cH]1
346	[O]=[CH][CH2][CH]1[CH2][CH2][C](=[O])[CH2]1
347	[O]=[CH][CH2][C@@H]1[CH2][CH2][C](=[O])[CH2]1
348	[O]=[CH][CH2][C@H]1[CH2][CH2][C](=[O])[CH2]1
349	[O]=[CH][CH2][CH]1[CH]2[CH2][CH2][O][CH]12
350	[O]=[CH][CH2][CH]1[C@H]2[CH2][CH2][O][C@@H]12
351	[O]=[CH][CH2][C]12[CH2][O][CH2][CH]1[CH2]2
352	[O]=[C]1[CH2][C@@H]2[CH2][C@@H]([OH])[C@@H]2[CH2]1
353	[CH3][CH2][C]1=[CH][C](=[O])[CH2][CH]1[OH]
354	[CH3][C](=[O])[C]1([CH3])[CH2][CH2][C]1=[O]
355	[CH3][C]1([CH3])[CH]([CH]=[O])[CH]1[CH]=[O]
356	[CH3][C]1([CH3])[C@H]([CH]=[O])[C@@H]1[CH]=[O]
357	[CH3][C]1([CH3])[C@H]([CH]=[O])[C@H]1[CH]=[O]
358	[CH3][O][CH]1[CH]=[CH][C](=[O])[CH2][CH2]1
359	[CH3][CH2][O][c]1[cH][cH][c]([CH3])[o]1
360	[CH3][C](=[O])[CH2][CH]1[CH2][C](=[O])[CH2]1
361	[CH3][C]1=[CH][C](=[O])[O][CH2][CH]1[CH3]
362	[O]=[CH][CH2][CH]1[CH2][C]12[CH2][O][CH2]2
363	[CH2]1[CH]2[CH2][CH]3[O][CH]1[CH2][CH]3[O]2
364	[CH3][C](=[O])[CH]1[CH2][CH2][CH2][C]1=[O]
365	[CH3][C](=[O])[C@@H]1[CH2][CH2][CH2][C]1=[O]
366	[CH3][C](=[O])[C@H]1[CH2][CH2][CH2][C]1=[O]
367	[CH3][c]1[cH][c]([CH]([CH3])[OH])[cH][o]1
368	[CH3][c]1[o][cH][cH][c]1[CH]([CH3])[OH]
369	[CH3][c]1[o][cH][cH][c]1[C@H]([CH3])[OH]
370	[CH3][c]1[o][cH][cH][c]1[C@@H]([CH3])[OH]
371	[CH3][C@H]1[CH2][C](=[O])[CH2][C@@H]1[CH]=[O]
372	[O]=[C]1[CH2][CH2][C]2([CH2][CH2]2)[O][CH2]1
373	[CH3][CH2][CH2][O][c]1[cH][cH][o][cH]1
374	[CH3][C]1([CH3])[CH2][CH]=[CH][C](=[O])[O]1
375	[O]=[C]1[CH2][CH]2[CH2][CH2][CH]1[CH2][O]2
376	[O]=[C]1[CH]2[CH2][CH2][CH]([OH])[CH]1[CH2]2
377	[O]=[C]1[C@H]2[CH2][CH2][C@@H]([OH])[C@@H]1[CH2]2
378	[O]=[C]1[CH2][CH]2[CH2][O][CH2][CH]2[CH2]1
379	[O]=[C]1[CH2][C@H]2[CH2][O][CH2][C@H]2[CH2]1
380	[O]=[C]1[CH2][C@@H]2[CH2][O][CH2][C@H]2[CH2]1
381	[O]=[C]1[CH2][C@H]2[CH2][O][CH2][C@@H]2[CH2]1
382	[O]=[C]([CH]1[CH2][CH2]1)[CH]1[CH2][O][CH2]1
383	[O]=[C]1[CH2][CH2][C]12[CH2][CH2][O][CH2]2
384	[O]=[C]1[CH2][C]2([CH2][CH2][CH2][CH2]2)[O]1
385	[O]=[CH][O][CH2][CH]1[CH]=[CH][CH2][CH2]1
386	[O]=[CH][O][CH2][C@H]1[CH]=[CH][CH2][CH2]1
387	[CH3][C]1([OH])[CH]=[CH][C](=[O])[CH2][CH2]1
388	[CH3][C@]1([OH])[CH]=[CH][C](=[O])[CH2][CH2]1
389	[CH3][C@@]1([OH])[CH]=[CH][C](=[O])[CH2][CH2]1
390	[CH3][O][CH2][c]1[cH][cH][o][c]1[CH3]
391	[CH3][c]1[o][c]([CH3])[c]([OH])[c]1[CH3]
392	[O]=[CH][CH]1[CH2][CH2][C](=[O])[CH2][CH2]1
393	[CH2]1[CH2][C]2([CH2][CH2][C]23[CH2][O]3)[O]1
394	[O]=[CH][CH]1[CH2][O][CH]2[CH2][CH]1[CH2]2
395	[CH3][O][CH2][c]1[cH][o][c]([CH3])[cH]1
396	[CH3][CH]1[CH2][C](=[O])[C]2([CH3])[O][CH]12
397	[CH]1=[CH][C@H]2[O][CH2][O][CH2][C@H]2[CH2]1
398	[CH]1=[CH][C@@H]2[O][CH2][O][CH2][C@@H]2[CH2]1
399	[O]=[C]1[CH2][CH2][CH]2[CH2][C]1([OH])[CH2]2
400	[O]=[C]1[CH2][CH2][CH]2[O][CH]2[CH2][CH2]1
401	[O]=[C]1[CH2][CH2][C@@H]2[O][C@@H]2[CH2][CH2]1
402	[CH3][CH]1[O][CH]2[CH2][CH]1[CH2][C]2=[O]
403	[CH3][CH]1[CH2][CH]1[C](=[O])[CH2][CH]=[O]
404	[CH3][C]1([CH3])[CH2][C](=[O])[C](=[O])[CH2]1
405	[OH][CH2][C]12[CH]=[CH][CH]([CH2][CH2]1)[O]2
406	[CH3][CH2][CH]1[C](=[O])[CH]=[CH][CH]1[OH]
407	[CH3][CH2][C@@H]1[C](=[O])[CH]=[CH][C@H]1[OH]
408	[CH2]1[CH2][CH]2[O][CH]([CH2]1)[CH]1[O][CH]21
409	[CH2]1[CH2][C@@H]2[O][C@H]([CH2]1)[C@H]1[O][C@H]12
410	[CH2]1[CH2][C@@H]2[O][C@H]([CH2]1)[C@H]1[O][C@@H]12
411	[CH3][C]1=[CH][CH]2[CH2][O][CH]1[O][CH2]2
412	[CH3][O][C]12[CH2][C]([CH]=[O])([CH2]1)[CH2]2
413	[CH3][O][CH2][c]1[cH][c]([CH3])[cH][o]1
414	[CH3][CH]([CH3])[c]1[o][cH][cH][c]1[OH]
415	[CH3][CH2][CH]1[CH]=[CH][CH2][C](=[O])[O]1
416	[CH3][CH2][C@H]1[CH]=[CH][CH2][C](=[O])[O]1
417	[O]=[CH][CH2][CH]([CH]=[O])[CH]1[CH2][CH2]1
418	[O]=[C]1[CH2][C@@]2([OH])[CH2][CH2][CH2][CH]12
419	[O]=[C]1[CH2][C@]2([OH])[CH2][CH2][CH2][C@H]12
420	[CH3][CH]1[C@@H]2[CH2][O][C](=[O])[C@]12[CH3]
421	[CH3][CH]1[CH2][CH]2[CH2][C](=[O])[CH]2[O]1
422	[CH3][C@@H]1[CH2][C@H]2[CH2][C](=[O])[C@H]2[O]1
423	[CH3][C@H]1[CH2][C@H]2[CH2][C](=[O])[C@H]2[O]1
424	[O]=[CH][CH]1[CH]2[CH2][CH2][O][CH2][CH]12
425	[O]=[C]1[CH2][CH]=[CH][CH2][CH2][O][CH2]1
426	[O]=[C]1[CH2]/[CH]=[CH]\[CH2][CH2][O][CH2]1
427	[CH3][C@@H]1[CH]=[C]([CH]=[O])[CH2][C@@H]1[OH]
428	[CH3][C]1([CH]2[CH2][O]2)[CH2][CH2][C]1=[O]
429	[CH3][C@@]1([C@H]2[CH2][O]2)[CH2][CH2][C]1=[O]
430	[O]=[CH][C]1=[CH][CH]([CH2][OH])[CH2][CH2]1
431	[O]=[CH][C]12[CH2][CH2][CH]([CH2][CH2]1)[O]2
432	[CH3][C]1([CH]=[O])[CH2][CH]=[CH][CH2][O]1
433	[CH3][CH2][CH]1[O][C](=[O])[CH]=[C]1[CH3]
434	[CH3][O][CH2][CH2][c]1[cH][cH][cH][o]1
435	[CH3][O][CH]1[CH]=[CH][CH2][C](=[O])[CH2]1
436	[O]=[C]1[CH2][CH]2[CH2][CH2][O][CH]1[CH2]2
437	[O]=[CH][CH]1[CH]2[CH2][CH]([OH])[CH2][CH]12
438	[CH]1=[CH][CH2][C]2([CH2]1)[O][CH2][CH2][O]2
439	[O]=[C]1[CH]=[CH][CH2][CH2][CH2][O][CH2]1
440	[O]=[C]1/[CH]=[CH]\[CH2][CH2][CH2][O][CH2]1
441	[CH3][C](=[O])[C]12[CH2][CH2][CH2][CH]1[O]2
442	[CH3][C](=[O])[C@]12[CH2][CH2][CH2][C@H]1[O]2
443	[O]=[CH][C]12[CH2][CH2][CH2][CH2][CH]1[O]2
444	[O]=[CH][C@@]12[CH2][CH2][CH2][CH2][C@@H]1[O]2
445	[OH][CH2][CH]1[CH2][CH]=[CH][CH]2[O][CH]12
446	[CH3][C]1([CH3])[CH]=[CH][CH2][C](=[O])[O]1
447	[CH3][CH]1[CH]=[CH][C](=[O])[O][CH]1[CH3]
448	[CH3][C@@H]1[CH]=[CH][C](=[O])[O][C@H]1[CH3]
449	[CH3][C@H]1[CH]=[CH][C](=[O])[O][C@@H]1[CH3]
450	[CH3][C@@H]1[CH]=[CH][C](=[O])[O][C@@H]1[CH3]
451	[CH3][C@@H]1[O][C](=[O])[CH]=[CH][C@@H]1[CH3]
452	[CH3][O][C](=[O])[C@H]1[CH2][C@@H]2[CH2][C@@H]21
453	[CH3][CH]1[O][CH]2[CH]=[CH][CH]([CH2]2)[O]1
454	[CH3][C](=[O])[CH]1[CH2][CH2][C](=[O])[CH2]1
455	[CH3][C](=[O])[C@H]1[CH2][CH2][C](=[O])[CH2]1
456	[CH3][C](=[O])[C@@H]1[CH2][CH2][C](=[O])[CH2]1
457	[O]=[C]1[O][CH2][CH2][CH]1[CH]1[CH2][CH2]1
458	[O]=[C]1[CH]=[CH][CH2][CH2][CH2][CH]1[OH]
459	[CH3][C]12[CH2][CH2][O][CH]1[C](=[O])[CH2]2
460	[CH3][C@@]12[CH2][CH2][O][C@@H]1[C](=[O])[CH2]2
461	[O]=[CH][C]1=[CH][CH]([OH])[CH2][CH2][CH2]1
462	[O]=[CH][C]1=[CH][C@H]([OH])[CH2][CH2][CH2]1
463	[CH3][CH2][C]1=[C]([CH3])[C](=[O])[O][CH2]1
464	[CH3][c]1[cH][c]([CH2][CH2][OH])[cH][o]1
465	[CH3][C]1=[CH][CH2][CH]([CH3])[O][C]1=[O]
466	[CH3][C]1=[CH][CH2][C@H]([CH3])[O][C]1=[O]
467	[CH3][C]([CH3])([OH])[c]1[cH][cH][o][cH]1
468	[O]=[C]1[CH2][C]2([CH2][CH2][O][CH2]2)[CH2]1
469	[CH3][CH]1[CH2][C@@H]2[C](=[O])[O][CH2][C@H]12
470	[CH3][C]1([CH3])[CH]=[CH][C](=[O])[O][CH2]1
471	[CH3][C](=[O])[C]12[CH2][CH]([CH2][O]1)[CH2]2
472	[O]=[C]1[O][CH2][CH2][CH2][CH]2[CH2][CH]12
473	[CH3][CH]1[CH2][C](=[O])[CH]2[O][C]12[CH3]
474	[CH3][CH]1[C](=[O])[CH]2[O][CH]2[CH]1[CH3]
475	[O]=[C]1[CH]=[CH][CH2][CH2][C@H]([OH])[CH2]1
476	[CH3][CH]([OH])[CH]1[CH2][CH]=[CH][C]1=[O]
477	[CH3][O][c]1[c]([CH3])[cH][o][c]1[CH3]
478	[CH3][O][CH2][c]1[o][cH][cH][c]1[CH3]
479	[CH3][C]1=[CH][C](=[O])[C]([CH3])([OH])[CH2]1
480	[O]=[CH][O][C]12[CH2][CH2][CH2][CH]1[CH2]2
481	[CH3][C]1=[C]([CH3])[CH]([CH3])[O][C]1=[O]
482	[CH3][C]1=[C]([CH3])[C@@H]([CH3])[O][C]1=[O]
483	[CH3][C]1=[C]([CH3])[C@H]([CH3])[O][C]1=[O]
484	[CH3][CH]1[CH2][CH]2[O][CH]1[CH]1[O][CH]21
485	[CH3][C@H]1[CH2][C@H]2[O][C@H]1[C@@H]1[O][C@@H]12
486	[CH3][C@H]1[CH2][C@@H]2[O][C@H]1[C@@H]1[O][C@@H]12
487	[CH3][C@@H]1[CH2][C@H]2[O][C@H]1[C@H]1[O][C@@H]12
488	[CH3][C@H]1[CH2][C@H]2[O][C@H]1[C@H]1[O][C@@H]12
489	[CH3][C@@H]1[CH2][C@@H]2[O][C@H]1[C@H]1[O][C@@H]12
490	[CH3][C@H]1[CH2][C@@H]2[O][C@H]1[C@H]1[O][C@@H]12
491	[CH3][C]([CH3])([OH])[c]1[cH][cH][cH][o]1
492	[CH3][CH]1[O][C](=[O])[CH]2[CH2][CH2][CH]12
493	[CH3][C@H]1[O][C](=[O])[C@@H]2[CH2][CH2][C@H]12
494	[CH3][C@H]1[O][C](=[O])[C@H]2[CH2][CH2][C@H]21
495	[CH3][C@@]12[CH2][CH2][O][C](=[O])[C@@H]1[CH2]2
496	[OH][C@@H]1[CH]=[CH][CH]=[CH][C@H]([OH])[CH2]1
497	[CH3][CH2][CH]1[C](=[O])[CH2][CH2][C]1=[O]
498	[CH3][O][C@@H]1[CH]=[C]([CH3])[C](=[O])[CH2]1
499	[CH3][O][C@H]1[CH]=[C]([CH3])[C](=[O])[CH2]1
500	[O]=[CH][CH]1[CH2][CH]=[CH][CH]([OH])[CH2]1
501	[CH3][C]12[CH2][C](=[O])[CH2][CH2][CH]1[O]2
502	[OH][CH]1[CH2][CH]2[CH]=[CH][C]1([OH])[CH2]2
503	[CH3][CH2][c]1[cH][cH][c]([CH2][OH])[o]1
504	[CH3][CH]1[C](=[O])[CH]=[CH][C]1([CH3])[OH]
505	[CH3][C]12[CH2][C]([CH]=[O])([CH2][O]1)[CH2]2
506	[CH3][O][CH2][C]1=[CH][CH2][CH2][C]1=[O]
507	[OH][CH2][CH2][CH2][c]1[cH][cH][cH][o]1
508	[O]=[CH][CH]1[CH2][CH2][CH2][CH2][C]1=[O]
509	[O]=[CH][C@@H]1[CH2][CH2][CH2][CH2][C]1=[O]
510	[O]=[CH][C@H]1[CH2][CH2][CH2][CH2][C]1=[O]
511	[O]=[CH][CH]1[CH2][CH]2[CH2][CH]([CH2]1)[O]2
512	[CH3][c]1[cH][o][c]([CH2][CH2][OH])[cH]1
513	[CH3][CH]1[O][C](=[O])[C]2([CH3])[CH2][CH]12
514	[CH3][CH]1[O][C](=[O])[C@]2([CH3])[CH2][CH]12
515	[CH3][O][CH]1[CH2][CH]=[CH][C](=[O])[CH2]1
516	[CH3][O][C@H]1[CH2][CH]=[CH][C](=[O])[CH2]1
517	[CH3][C](=[O])[O][CH]1[CH2][CH]=[CH][CH2]1
518	[CH3][C@@]12[CH2][C@@H]1[CH2][CH2][O][C]2=[O]
519	[CH3][C](=[O])[CH]1[CH2][C]12[CH2][O][CH2]2
520	[O]=[C]1[CH2][CH]2[CH2][CH2][O][CH]2[CH2]1
521	[CH3][C]1=[CH][CH]2[O][CH]2[CH]([OH])[CH2]1
522	[CH3][C]12[CH2][CH2][CH]1[C](=[O])[O][CH2]2
523	[CH3][C@@]12[CH2][CH2][C@@H]1[C](=[O])[O][CH2]2
524	[CH3][C]12[CH2][CH2][CH]([CH2][C]1=[O])[O]2
525	[CH3][C@]12[CH2][CH2][C@H]([CH2][C]1=[O])[O]2
526	[O]=[C]1[O][CH]2[CH2][CH2][CH]1[CH2][CH2]2
527	[CH3][C]12[CH2][CH2][CH2][C](=[O])[CH]1[O]2
528	[CH3][C@@]12[CH2][CH2][CH2][C](=[O])[C@@H]1[O]2
529	[CH3][C@@]12[CH2][CH2][CH2][C](=[O])[C@H]1[O]2
530	[CH3][C@]12[CH2][CH2][CH2][C](=[O])[C@H]1[O]2
531	[CH3][C@]12[CH2][CH2][CH2][C](=[O])[C@@H]1[O]2
532	[O]=[CH][CH]1[CH2][CH]2[CH2][CH2][CH]1[O]2
533	[O]=[CH][C@@H]1[CH2][C@H]2[CH2][CH2][C@@H]1[O]2
534	[O]=[CH][C@H]1[CH2][C@@H]2[CH2][CH2][C@H]1[O]2
535	[O]=[CH][C@@H]1[CH2][C@@H]2[CH2][CH2][C@H]1[O]2
536	[O]=[CH][CH]1[CH2][CH]2[CH2][CH2][C@H]1[O]2
537	[O]=[CH][CH]1[CH2][C@@H]2[CH2][CH2][C@H]1[O]2
538	[O]=[CH][C@@H]1[CH2][C@H]2[CH2][CH2][C@H]1[O]2
539	[O]=[CH][C@H]1[CH2][C@H]2[CH2][CH2][C@H]1[O]2
540	[O]=[CH][C]12[CH2][CH2][CH]([CH2][O]1)[CH2]2
541	[O]=[C]1[CH2][CH]2[CH2][CH2][CH]2[CH2][O]1
542	[CH3][C]1([CH3])[O][C](=[O])[CH]2[CH2][CH]21
543	[CH3][C]1([CH3])[O][C](=[O])[C@H]2[CH2][C@H]21
544	[O]=[CH][O][CH]1[CH2][CH]2[CH2][CH]2[CH2]1
545	[O]=[CH][O][CH]1[CH2][C@@H]2[CH2][C@@H]2[CH2]1
546	[O]=[C]1[CH2][CH2][CH2][CH2][CH2][C]1=[O]
547	[CH3][c]1[cH][cH][c]([CH]([CH3])[OH])[o]1
548	[CH3][c]1[cH][cH][c]([C@@H]([CH3])[OH])[o]1
549	[CH3][c]1[cH][cH][c]([C@H]([CH3])[OH])[o]1
550	[CH3][C](=[O])[C](=[O])[C]1([CH3])[CH2][CH2]1
551	[O]=[CH][CH]1[CH2][CH2][CH2][C](=[O])[CH2]1
552	[CH3][CH2][C]1=[CH][CH]([OH])[C](=[O])[CH2]1
553	[CH3][CH2][CH]1[CH]=[C]([CH3])[C](=[O])[O]1
554	[CH3][CH2][C@@H]1[CH]=[C]([CH3])[C](=[O])[O]1
555	[CH3][CH2][C@H]1[CH]=[C]([CH3])[C](=[O])[O]1
556	[OH][CH]1[CH2][CH]=[CH][CH]2[O][CH]2[CH2]1
557	[CH3][C](=[O])[C](=[O])[CH2][CH]1[CH2][CH2]1
558	[CH3][C](=[O])[C]1([C]([CH3])=[O])[CH2][CH2]1
559	[OH][CH]1[CH]=[CH][CH]=[CH][CH2][CH]1[OH]
560	[OH][C@@H]1[CH2][CH]=[CH][CH]=[CH][C@@H]1[OH]
561	[OH][C@@H]1[CH]=[CH][CH]=[CH][CH2][C@H]1[OH]
562	[CH3][C]1([C](=[O])[CH2][CH]=[O])[CH2][CH2]1
563	[O]=[C]1[CH2][CH2][CH2][CH2][CH]2[O][CH]12
564	[O]=[C]1[CH2][CH2][CH2][CH2][C@H]2[O][C@@H]12
565	[O]=[C]1[CH2][CH2][CH2][CH2][C@H]2[O][C@H]12
566	[O]=[C]1[CH2][CH2][CH2][CH2][C@@H]2[O][C@H]12
567	[O]=[C]1[CH2][CH2][CH2][CH2][C@@H]2[O][C@@H]12
568	[O]=[C]1[CH2][CH2][CH]([CH]2[CH2][CH2]2)[O]1
569	[CH3][O][C](=[O])[CH]1[CH2][CH]=[CH][CH2]1
570	[O]=[C]1[CH]2[CH2][CH2][CH]1[CH]([OH])[CH2]2
571	[O]=[C]1[C@@H]2[CH2][CH2][C@H]1[C@H]([OH])[CH2]2
572	[O]=[C]1[C@H]2[CH2][CH2][C@@H]1[C@@H]([OH])[CH2]2
573	[CH3][C]1=[CH][C]([CH3])([CH3])[O][C]1=[O]
574	[CH3][CH]1[CH2][C]12[CH2][CH2][O][C]2=[O]
575	[CH3][C@H]1[CH2][C]12[CH2][CH2][O][C]2=[O]
576	[CH3][C@@H]1[CH2][C]12[CH2][CH2][O][C]2=[O]
577	[CH3][c]1[cH][o][cH][c]1[CH2][CH2][OH]
578	[CH3][CH2][CH2][O][c]1[cH][cH][cH][o]1
579	[CH3][CH2][c]1[cH][o][c]([CH2][OH])[cH]1
580	[O]=[C]1[CH2][CH]2[CH2][CH2][CH2][C]12[OH]
581	[O]=[CH][CH]1[CH]=[CH][CH2][CH]1[CH2][OH]
582	[O]=[CH][C@H]1[CH]=[CH][CH2][C@H]1[CH2][OH]
583	[CH3][C@@H]1[C](=[O])[CH]=[CH][C@@H]1[CH2][OH]
584	[CH3][C@H]1[C](=[O])[CH]=[CH][C@@H]1[CH2][OH]
585	[CH3][C@H]1[C](=[O])[CH]=[CH][C@H]1[CH2][OH]
586	[CH3][C@@H]1[C](=[O])[CH]=[CH][C@H]1[CH2][OH]
587	[OH][CH]1[CH2][CH2][CH]=[CH][CH]2[O][CH]12
588	[O]=[CH][CH]1[CH2][CH]2[CH2][O][CH]1[CH2]2
589	[CH2]1[CH2][C]2([CH2][O]2)[C]2([CH2]1)[CH2][O]2
590	[CH]1=[CH][CH2][O][CH2][O][CH2][CH]=[CH]1
591	[CH]1=[CH]\[CH2][O][CH2][O][CH2]\[CH]=[CH]/1
592	[CH3][c]1[cH][o][c]([CH2][OH])[c]1[CH3]
593	[CH3][CH2][C](=[O])[C]1([CH]=[O])[CH2][CH2]1
594	[O]=[C]1[CH]=[CH][CH]([OH])[CH2][CH2][CH2]1
595	[O]=[C]1[CH]=[CH][C@H]([OH])[CH2][CH2][CH2]1
596	[O]=[C]1[CH]=[CH][C@@H]([OH])[CH2][CH2][CH2]1
597	[OH][C@@H]1[CH]=[CH][C@H]([OH])[C]12[CH2][CH2]2
598	[CH3][CH]1[CH2][CH2][C](=[O])[C](=[O])[CH2]1
599	[CH3][C@@H]1[CH2][CH2][C](=[O])[C](=[O])[CH2]1
600	[OH][C@@H]1[C@H]2[CH2][C@@H]3[C@@H]1[C@@]3([OH])[CH2]2
601	[CH3][O][CH2][c]1[cH][cH][c]([CH3])[o]1
602	[OH][CH]1[CH]=[CH][CH2][CH]=[CH][CH]1[OH]
603	[O]=[C]1[CH2][CH2][CH]2[CH2][CH2][O][CH]12
604	[CH3][CH]1[CH2][C](=[O])[CH]2[O][CH]2[CH2]1
605	[CH3][C@H]1[CH2][C](=[O])[C@@H]2[O][C@@H]2[CH2]1
606	[OH][CH2][CH]1[O][CH]2[CH]=[CH][CH]1[CH2]2
607	[O]=[C]1[CH2][CH2][CH2][C]2([CH2][CH2]2)[O]1
608	[O]=[C]1[CH]=[CH][CH2][CH2][CH]1[CH2][OH]
609	[O]=[C]1[CH]=[C]([CH2][OH])[CH2][CH2][CH2]1
610	[O]=[CH][CH]1[CH2][CH2][CH2][CH]2[O][CH]12
611	[CH3][CH2][O][CH]1[CH2][CH]=[CH][C]1=[O]
612	[CH3][CH2][C](=[O])[CH]1[CH2][C](=[O])[CH2]1
613	[O]=[C]1[CH2][C]2([CH2][CH2][CH2]2)[CH2][O]1
614	[O]=[C]1[CH]=[CH][CH]([CH2][CH2][OH])[CH2]1
615	[CH3][CH]1[CH2][C]2([CH2][CH2]2)[O][C]1=[O]
616	[CH3][CH]1[C](=[O])[CH2][CH2][CH2][C]1=[O]
617	[OH][CH2][C]1=[CH][CH]2[CH2][CH]1[CH2][O]2
618	[O]=[C]1[CH2][CH2][CH]2[CH]([CH2][OH])[CH]12
619	[O]=[C]1[CH2][CH2][C@H]2[C@H]([CH2][OH])[C@@H]12
620	[O]=[C]1[CH2][CH2][CH]2[CH2][O][CH]1[CH2]2
621	[O]=[C]1[CH2][CH2][C@H]2[CH2][O][C@@H]1[CH2]2
622	[CH2]1[O][CH]1[CH2][C]12[CH2][CH2][CH]1[O]2
623	[CH3][O][CH2][CH]1[CH]=[CH][CH2][C]1=[O]
624	[CH3][O][C](=[O])[C]12[CH2][CH]([CH2]1)[CH2]2
625	[OH][CH]1[CH2][O][CH]2[CH]=[CH][CH2][CH]12
626	[O]=[CH][CH2][CH]1[CH2][CH]1[CH2][CH]=[O]
627	[O]=[CH][CH2][C@@H]1[CH2][C@@H]1[CH2][CH]=[O]
628	[CH3][C]1([CH3])[CH2][CH2][C](=[O])[C]1=[O]
629	[CH3][CH]1[CH]=[CH][CH]([OH])[CH]2[O][CH]12
630	[CH3][C@@H]1[CH]=[CH][C@@H]([OH])[C@@H]2[O][C@@H]21
631	[CH3][C](=[O])[CH]1[CH]=[CH][CH]([OH])[CH2]1
632	[CH3][C](=[O])[C@@H]1[CH]=[CH][C@H]([OH])[CH2]1
633	[CH3][C](=[O])[C@H]1[CH]=[CH][C@@H]([OH])[CH2]1
634	[CH3][O][c]1[cH][c]([CH3])[o][c]1[CH3]
635	[O]=[C]1[CH2][CH2][CH]=[CH][CH]1[CH2][OH]
636	[CH3][CH]1[CH2][C](=[O])[CH2][CH2][C]1=[O]
637	[CH3][C@H]1[CH2][C](=[O])[CH2][CH2][C]1=[O]
638	[CH3][CH]1[CH2][CH2][C](=[O])[CH]2[O][CH]12
639	[CH3][C@@H]1[CH2][CH2][C](=[O])[C@@H]2[O][C@H]12
640	[CH3][C@@H]1[CH2][CH2][C](=[O])[C@H]2[O][C@@H]12
641	[CH3][C@H]1[CH2][CH2][C](=[O])[C@H]2[O][C@H]21
642	[O]=[C]1[CH2][CH2][CH]=[C]1[CH2][CH2][OH]
643	[CH3][C]1([CH3])[CH]2[CH2][C](=[O])[O][CH]21
644	[CH3][C]1([CH3])[C@H]2[CH2][C](=[O])[O][C@@H]21
645	[CH3][CH]1[CH]2[C](=[O])[CH2][CH]([OH])[CH]12
646	[CH3][C@@H]1[C@H]2[C](=[O])[CH2][C@H]([OH])[C@@H]12
647	[CH3][C@@H]1[C@H]2[C](=[O])[CH2][CH]([OH])[C@@H]12
648	[CH3][C](=[O])[C]1=[CH][CH2][CH2][CH]1[OH]
649	[CH3][C](=[O])[C]1=[CH][CH2][CH2][C@@H]1[OH]
650	[CH3][C](=[O])[C]1=[CH][CH2][CH2][C@H]1[OH]
651	[O]=[CH][CH]1[CH2][C]2([CH2][O][CH2]2)[CH2]1
652	[CH3][CH2][c]1[cH][cH][c]([O][CH3])[o]1
653	[CH3][C]1([O][CH]=[O])[CH]=[CH][CH2][CH2]1
654	[CH3][O][c]1[cH][o][c]([CH3])[c]1[CH3]
655	[CH3][C](=[O])[C]1=[CH][CH2][CH]([OH])[CH2]1
656	[O]=[CH][CH]1[CH2][C]12[CH2][CH2][O][CH2]2
657	[CH3][CH2][O][CH2][c]1[cH][cH][o][cH]1
658	[O]=[CH][CH2][CH2][C](=[O])[CH]1[CH2][CH2]1
659	[CH3][C]12[CH]=[CH][CH]([O]1)[CH]([OH])[CH2]2
660	[CH3][C@@H]1[CH2][CH2][C](=[O])[CH]1[CH]=[O]
661	[CH3][c]1[cH][c]([CH2][OH])[c]([CH3])[o]1
662	[CH3][C]1=[CH][CH2][CH]([OH])[CH2][C]1=[O]
663	[CH3][CH]1[O][C]12[CH2][CH2][CH2][C]2=[O]
664	[CH3][C]1=[C]([CH2][OH])[C](=[O])[CH2][CH2]1
665	[O]=[C]1[CH2][CH]2[CH2][CH2][C]1([OH])[CH2]2
666	[O]=[C]1[CH2][C@@H]2[CH2][CH2][C@@]1([OH])[CH2]2
667	[O]=[C]1[O][CH2][C]12[CH2][CH2][CH2][CH2]2
668	[CH]1=[CH][C]2([CH2][CH2]1)[O][CH2][CH2][O]2
669	[CH3][O][CH]([CH3])[c]1[cH][cH][cH][o]1
670	[O]=[C]1[CH2][O][C]12[CH2][CH2][CH2][CH2]2
671	[O]=[CH][CH]1[CH2][CH2][CH]2[O][CH]2[CH2]1
672	[O]=[CH][C@H]1[CH2][CH2][CH]2[O][CH]2[CH2]1
673	[O]=[CH][C@@H]1[CH2][CH2][CH]2[O][CH]2[CH2]1
674	[O]=[CH][CH]1[CH2][CH2][C@H]2[O][CH]2[CH2]1
675	[CH3][C]1=[CH][CH]([CH3])[O][C](=[O])[CH2]1
676	[CH3][C]1=[CH][C@H]([CH3])[O][C](=[O])[CH2]1
677	[CH3][C]1=[CH][C@@H]([CH3])[O][C](=[O])[CH2]1
678	[CH3][C]1=[CH][C](=[O])[CH2][CH2][CH]1[OH]
679	[CH3][C]1=[CH][C](=[O])[CH2][CH2][C@H]1[OH]
680	[CH3][C]1=[CH][C](=[O])[CH2][CH2][C@@H]1[OH]
681	[CH]1=[CH][C]2([CH2][CH2]1)[CH2][O][CH2][O]2
682	[CH3][C]1([CH3])[C](=[O])[CH]=[CH][CH]1[OH]
683	[CH3][C]1([CH3])[C](=[O])[CH]=[CH][C@@H]1[OH]
684	[CH3][C]1([CH3])[C](=[O])[CH]=[CH][C@H]1[OH]
685	[CH3][C]1=[CH][C](=[O])[CH2][CH]([OH])[CH2]1
686	[CH3][C]1=[CH][C](=[O])[CH2][C@H]([OH])[CH2]1
687	[O]=[C]1[CH]2[CH2][CH2][CH]1[CH2][O][CH2]2
688	[O]=[C]1[CH]2[CH2][CH2][C@@H]1[CH2][O][CH2]2
689	[O]=[C]1[CH2][CH]2[CH2][CH2][CH]1[O][CH2]2
690	[CH3][CH2][C](=[O])[C](=[O])[CH]1[CH2][CH2]1
691	[O]=[C]1[CH2][CH]([OH])[CH]2[CH2][CH2][CH]12
692	[O]=[C]1[CH2][C@H]([OH])[C@H]2[CH2][CH2][C@@H]12
693	[CH3][C]1([CH3])[C](=[O])[CH2][CH2][C]1=[O]
694	[CH3][C](=[O])[C]1([OH])[CH]=[CH][CH2][CH2]1
695	[CH3][C]1([CH]=[O])[CH2][CH2][C](=[O])[CH2]1
696	[CH3][C@@]1([CH]=[O])[CH2][CH2][C](=[O])[CH2]1
697	[CH3][CH2][CH]([OH])[c]1[cH][cH][cH][o]1
698	[CH3][CH2][C@@H]([OH])[c]1[cH][cH][cH][o]1
699	[CH3][CH2][C@H]([OH])[c]1[cH][cH][cH][o]1
700	[O]=[C]1[CH2][CH2][C]2([CH2][CH2]1)[CH2][O]2
701	[CH3][CH2][CH]1[CH2][C](=[O])[C](=[O])[CH2]1
702	[O]=[C]1[CH2][CH2][C]2([CH2][CH2][CH2]2)[O]1
703	[CH3][O][CH]1[CH2][C](=[O])[CH]=[C]1[CH3]
704	[CH3][C]1=[C]([CH2][OH])[CH2][CH2][C]1=[O]
705	[CH3][c]1[cH][cH][o][c]1[CH]([CH3])[OH]
706	[CH3][c]1[cH][cH][o][c]1[C@H]([CH3])[OH]
707	[CH3][c]1[cH][cH][o][c]1[C@@H]([CH3])[OH]
708	[O]=[C]1[O][CH]2[CH2][CH2][CH2][CH2][CH]12
709	[O]=[C]1[O][C@@H]2[CH2][CH2][CH2][CH2][C@H]12
710	[O]=[C]1[O][C@H]2[CH2][CH2][CH2][CH2][C@@H]12
711	[CH3][O][CH2][C]1=[CH][C](=[O])[CH2][CH2]1
712	[OH][CH]1[CH2][CH]2[CH]=[CH][CH]1[CH]2[OH]
713	[OH][CH]1[C@H]2[CH]=[CH][C@H]1[CH2][C@@H]2[OH]
714	[OH][C@@H]1[C@@H]2[CH]=[CH][C@H]1[CH2][C@@H]2[OH]
715	[OH][C@H]1[C@@H]2[CH]=[CH][C@H]1[CH2][C@@H]2[OH]
716	[CH3][CH]1[CH2][C](=[O])[CH]([CH3])[C]1=[O]
717	[O]=[C]1[CH2][CH2][CH2][CH]2[CH2][CH]2[O]1
718	[CH2]1[O][CH]1[CH]1[CH2][CH]2[O][CH]2[CH2]1
719	[CH3][C@@H]1[O][C](=[O])[C@H]2[CH2][C@@]12[CH3]
720	[O]=[CH][C](=[O])[CH]1[CH2][CH2][CH2][CH2]1
721	[O]=[C]1/[CH]=[CH]\[CH2][CH2][O][CH2][CH2]1
722	[O]=[CH][C]1=[CH][CH2][CH]([OH])[CH2][CH2]1
723	[CH3][CH2][CH]1[O][CH2][CH]=[CH][C]1=[O]
724	[CH3][CH]1[CH2][O][CH]2[CH2][C](=[O])[CH]12
725	[CH3][CH2][C]1=[CH][C](=[O])[O][CH2][CH2]1
726	[CH3][CH]1[CH]=[CH][CH]([CH3])[C](=[O])[O]1
727	[CH3][C@@H]1[CH]=[CH][C@H]([CH3])[C](=[O])[O]1
728	[CH3][CH2][CH]([OH])[c]1[cH][cH][o][cH]1
729	[CH3][CH2][C@H]([OH])[c]1[cH][cH][o][cH]1
730	[CH3][CH2][C@@H]([OH])[c]1[cH][cH][o][cH]1
731	[CH3][CH]1[CH2][CH2][CH]=[CH][C](=[O])[O]1
732	[CH3][C@@H]1[CH2][CH2][CH]=[CH][C](=[O])[O]1
733	[OH][CH2][CH]1[CH]=[CH][CH]2[O][CH]2[CH2]1
734	[CH3][C]1([CH2][OH])[CH2][CH]=[CH][C]1=[O]
735	[O]=[C]1[CH2][O][CH]2[CH2][CH2][CH2][CH]12
736	[O]=[C]1[CH2][O][C@H]2[CH2][CH2][CH2][C@@H]12
737	[O]=[C]1[CH2][O][C@@H]2[CH2][CH2][CH2][C@H]12
738	[O]=[C]1[O][CH2][CH2][C]12[CH2][CH2][CH2]2
739	[O]=[C]([O][CH]1[CH2][CH2]1)[CH]1[CH2][CH2]1
740	[CH3][CH]1[CH2][CH]2[O][CH]2[CH]2[O][CH]12
741	[O]=[C]1[CH2][CH]2[CH2][O][CH2][CH]1[CH2]2
742	[CH3][O][CH]1[CH2][CH]2[CH]=[CH][CH]1[O]2
743	[O]=[C]1[O][CH]2[CH2][CH2][CH2][CH]1[CH2]2
744	[O]=[C]1[O][C@H]2[CH2][CH2][CH2][C@@H]1[CH2]2
745	[O]=[C]1[O][C@H]2[CH2][CH2][CH2][CH]1[CH2]2
746	[O]=[C]1[O][C@@H]2[CH2][CH2][CH2][C@H]1[CH2]2
747	[O]=[C]1[O][CH]2[CH2][CH2][CH2][C@@H]1[CH2]2
748	[O]=[C]1[O][C@@H]2[CH2][CH2][CH2][C@@H]1[CH2]2
749	[O]=[C]1[O][C@H]2[CH2][CH2][CH2][C@H]1[CH2]2
750	[O]=[C]1[O][C@@H]2[CH2][CH2][CH2][CH]1[CH2]2
751	[CH3][C](=[O])[C](=[O])[CH]1[CH2][CH]1[CH3]
752	[CH2]1[CH2][C]2([CH2][O]2)[CH2][C]12[CH2][O]2
753	[OH][CH]1[C@H]2[CH2][CH2][C@@H]1[C@@H]1[O][C@@H]12
754	[O]=[C]1[CH]=[C]([CH2][CH2][OH])[CH2][CH2]1
755	[OH][CH2][CH2][CH2][c]1[cH][cH][o][cH]1
756	[CH3][O][CH]1[CH2][CH]=[CH][CH2][C]1=[O]
757	[CH2]1[CH2][CH]2[O][CH]2[CH]2[O][CH]2[CH2]1
758	[CH2]1[CH2][C@@H]2[O][C@@H]2[C@@H]2[O][C@@H]2[CH2]1
759	[O]=[CH][CH2][CH]1[CH]=[CH][CH]([OH])[CH2]1
760	[O]=[CH][CH2][CH]1[CH]=[CH][C@H]([OH])[CH2]1
761	[O]=[CH][CH2][C@H]1[CH]=[CH][C@@H]([OH])[CH2]1
762	[CH3][CH]1[CH2][CH]1[CH]([CH]=[O])[CH]=[O]
763	[CH3][C]1([OH])[CH2][CH2][CH]=[CH][C]1=[O]
764	[CH3][C@@]1([OH])[CH2][CH2][CH]=[CH][C]1=[O]
765	[CH3][O][c]1[o][cH][c]([CH3])[c]1[CH3]
766	[O]=[CH][CH]1[CH2][CH2][C]2([CH2][O]2)[CH2]1
767	[CH3][CH]1[CH]=[CH][C](=[O])[O][CH2][CH2]1
768	[CH3][C@H]1[CH]=[CH][C](=[O])[O][CH2][CH2]1
769	[O]=[CH][O][C]1([CH]2[CH2][CH2]2)[CH2][CH2]1
770	[O]=[CH][CH]1[CH]2[CH2][CH2][CH2][O][CH]12
771	[O]=[CH][CH]1[C@H]2[CH2][CH2][CH2][O][C@@H]12
772	[CH3][C]1=[CH][C](=[O])[CH2][O][CH]1[CH3]
773	[CH2]1[O][CH]2[CH2][CH]3[CH2][CH]1[CH]2[O]3
774	[O]=[CH][C@H]1[CH2][CH]=[CH][C@H]1[CH2][OH]
775	[CH3][O][CH2][CH2][c]1[cH][cH][o][cH]1
776	[CH3][C]1=[CH][C](=[O])[O][C]1([CH3])[CH3]
777	[CH3][CH2][C]1=[CH][CH2][C](=[O])[CH]1[OH]
778	[O]=[C]1[CH2][CH]2[CH]([OH])[CH2][CH2][CH]12
779	[O]=[C]1[CH2][C@H]2[C@@H]([OH])[CH2][CH2][C@@H]12
780	[CH3][C]1=[CH][C](=[O])[O][CH2][CH2][CH2]1
781	[CH3][CH2][C@@H]1[C@@H]2[CH2][O][C](=[O])[C@H]12
782	[CH3][CH2][C@@H]1[CH]2[CH2][O][C](=[O])[CH]21
783	[CH3][CH2][C@H]1[C@H]2[CH2][O][C](=[O])[C@H]21
784	[CH3][CH]([CH3])[O][c]1[cH][cH][cH][o]1
785	[CH3][CH]1[CH2][CH]2[CH2][CH]2[O][C]1=[O]
786	[CH3][CH]1[CH2][CH]=[CH][C](=[O])[CH]1[OH]
787	[CH3][C@H]1[CH2][CH]=[CH][C](=[O])[C@H]1[OH]
788	[CH3][O][CH]1[C](=[O])[CH2][CH]=[C]1[CH3]
789	[CH3][C](=[O])[CH]1[CH]2[CH2][CH2][O][CH]21
790	[CH3][C](=[O])[CH]1[C@H]2[CH2][CH2][O][C@@H]12
791	[CH3][C](=[O])[CH]1[CH]2[O][CH2][CH2][C@@H]21
792	[CH3][C]12[CH2][O][C]([CH]=[O])([CH2]1)[CH2]2
793	[CH3][CH2][c]1[o][cH][cH][c]1[CH2][OH]
794	[CH3][C@H]1[CH2][O][C@@H]2[C](=[O])[CH2][C@@H]21
795	[CH3][C@@H]1[CH2][O][C@@H]2[C](=[O])[CH2][C@H]12
796	[CH3][C]12[CH2][O][CH2][CH]1[C](=[O])[CH2]2
797	[CH3][C@@]12[CH2][O][CH2][C@@H]1[C](=[O])[CH2]2
798	[CH3][C]1([CH3])[CH2][C](=[O])[CH]2[O][CH]21
799	[CH3][C]1([CH3])[CH2][C](=[O])[C@@H]2[O][C@@H]21
800	[CH3][C]1([CH3])[CH2][C](=[O])[C@H]2[O][C@H]21
801	[CH3][C]1([CH3])[CH2][C](=[O])[C@H]2[O][C@@H]21
802	[CH3][C]1([CH3])[CH2][C](=[O])[C@@H]2[O][C@H]21
803	[CH3][C]1=[CH][CH]([OH])[CH]([CH3])[C]1=[O]
804	[CH3][C]1=[CH][C@@H]([OH])[C@@H]([CH3])[C]1=[O]
805	[O]=[C]1[CH]=[CH][CH]([CH2][OH])[CH2][CH2]1
806	[O]=[C]1[CH]=[CH][C@H]([CH2][OH])[CH2][CH2]1
807	[O]=[C]1[CH]=[CH][C@@H]([CH2][OH])[CH2][CH2]1
808	[CH2]1[CH]2[O][CH2][CH]([O]2)[CH]2[CH2][CH]12
809	[CH3][c]1[cH][c]([CH3])[c]([CH2][OH])[o]1
810	[CH3][C](=[O])[C]1=[CH][CH2][O][CH2][CH2]1
811	[CH3][C]1=[CH][C](=[O])[CH]([CH3])[O][CH2]1
812	[OH][CH]1[CH2][CH2][CH]2[CH]=[CH][CH]1[O]2
813	[OH][C@H]1[CH2][CH2][C@@H]2[CH]=[CH][C@H]1[O]2
814	[CH3][CH2][CH]1[CH]=[CH][CH2][O][C]1=[O]
815	[OH][CH2][CH]1[CH2][CH]2[CH]=[CH][CH]1[O]2
816	[OH][CH2][C@@H]1[CH2][C@H]2[CH]=[CH][C@@H]1[O]2
817	[OH][CH2][C@@H]1[CH2][C@@H]2[CH]=[CH][C@H]1[O]2
818	[OH][CH2][C@@H]1[CH2][C@@H]2[CH]=[CH][C@@H]1[O]2
819	[OH][CH2][C@@H]1[CH2][C@H]2[CH]=[CH][C@H]1[O]2
820	[OH][CH2][C@H]1[CH2][C@H]2[CH]=[CH][C@@H]1[O]2
821	[OH][CH2][C@H]1[CH2][C@@H]2[CH]=[CH][C@@H]1[O]2
822	[OH][CH2][CH]1[CH2][C@@H]2[CH]=[CH][C@H]1[O]2
823	[OH][CH2][C@H]1[CH2][C@H]2[CH]=[CH][C@H]1[O]2
824	[O]=[CH][C]1([CH]=[O])[CH2][CH2][CH2][CH2]1
825	[CH3][CH2][C]1([OH])[CH]=[CH][C](=[O])[CH2]1
826	[CH3][C]1=[C]([CH3])[C](=[O])[CH]([OH])[CH2]1
827	[CH3][C]1=[C]([CH3])[C](=[O])[C@@H]([OH])[CH2]1
828	[CH3][C]1=[C]([CH3])[C](=[O])[C@H]([OH])[CH2]1
829	[CH3][CH2][C]1=[C]([CH3])[CH2][O][C]1=[O]
830	[CH2]1[O][CH]1[CH]1[CH2][CH2][CH]2[O][CH]21
831	[CH3][c]1[o][cH][cH][c]1[CH2][CH2][OH]
832	[CH3][CH2][C]1=[CH][C](=[O])[O][CH]1[CH3]
833	[O]=[C]1[CH2][CH]2[CH2][CH2][CH]([CH2]1)[O]2
834	[O]=[C]1[CH2][C@H]2[CH2][CH2][C@@H]([CH2]1)[O]2
835	[CH3][C]1=[CH][CH2][O][CH]([CH]=[O])[CH2]1
836	[CH3][C]1=[CH][CH2][O][C@@H]([CH]=[O])[CH2]1
837	[CH3][C]1=[CH][CH2][O][C@H]([CH]=[O])[CH2]1
838	[CH3][C](=[O])[C]1=[C]([CH3])[CH2][O][CH2]1
839	[CH3][O][CH]1[CH2][CH2][CH]=[CH][C]1=[O]
840	[CH3][CH2][C@H]1[CH2][C@@H]1[C](=[O])[CH]=[O]
841	[CH3][C@]12[O][CH2][CH2][C@H]1[CH2][C]2=[O]
842	[CH2]1[CH2][C]2([CH2]1)[O][CH2][CH]1[O][CH]12
843	[CH3][C](=[O])[C]1([CH3])[CH]=[CH][CH2][O]1
844	[CH3][C](=[O])[CH2][CH]1[CH2][CH2][C]1=[O]
845	[O]=[CH][O][CH]1[CH2][CH]=[CH][CH2][CH2]1
846	[CH3][O][C](=[O])[C]1=[CH][CH2][CH2][CH2]1
847	[CH3][C](=[O])[C]1([CH3])[CH2][C](=[O])[CH2]1
848	[OH][CH]1[CH]2[CH2][CH]3[O][CH]1[CH]3[CH2]2
849	[OH][C@@H]1[C@@H]2[CH2][C@@H]3[C@H]1[O][C@@H]3[CH2]2
850	[OH][C@H]1[C@H]2[CH2][C@H]3[C@@H]1[O][C@H]3[CH2]2
851	[O]=[C]1[CH2][CH2][CH2][CH]2[CH2][C]12[OH]
852	[CH]1=[CH][CH2][CH]2[O][CH2][O][CH]2[CH2]1
853	[O]=[C]1[CH2][CH2][CH2][CH2][C](=[O])[CH2]1
854	[CH3][CH]([CH]=[O])[C](=[O])[CH]1[CH2][CH2]1
855	[O]=[C]1[CH2][CH]2[CH2][CH2][CH2][CH]2[O]1
856	[O]=[C]1[CH2][C@@H]2[CH2][CH2][CH2][C@@H]2[O]1
857	[O]=[C]1[CH2][C@H]2[CH2][CH2][CH2][C@@H]2[O]1
858	[O]=[C]1[CH2][C@H]2[CH2][CH2][CH2][C@H]2[O]1
859	[O]=[C]1[CH2][CH]2[CH2][CH2][CH2][C@@H]2[O]1
860	[O]=[C]1[CH2][C@@H]2[CH2][CH2][CH2][C@H]2[O]1
861	[CH3][CH2][CH2][c]1[cH][c]([OH])[cH][o]1
862	[OH][CH]1[CH]2[CH2][CH]3[CH]1[CH]3[CH]2[OH]
863	[OH][C@@H]1[CH]2[CH]3[CH2][CH]1[C@@H]([OH])[CH]32
864	[OH][C@@H]1[CH]2[CH2][CH]3[C@H]1[C@H]3[C@H]2[OH]
865	[OH][C@@H]1[CH]2[CH2][CH]3[C@H]1[C@H]3[C@@H]2[OH]
866	[OH][C@H]1[CH]2[CH2][CH]3[C@H]1[C@H]3[C@H]2[OH]
867	[CH]1=[CH][C]2([CH2][CH2][CH2][O]2)[O][CH2]1
868	[CH3][CH]1[CH]=[C]([CH2][OH])[C](=[O])[CH2]1
869	[CH3][CH2][C]1=[CH][CH]([CH3])[O][C]1=[O]
870	[CH3][CH2][C]1=[CH][C@@H]([CH3])[O][C]1=[O]
871	[CH3][CH2][CH]1[CH2][CH]=[CH][C](=[O])[O]1
872	[CH3][CH2][C@@H]1[CH2][CH]=[CH][C](=[O])[O]1
873	[O]=[C]1[CH2][CH2][O][C]2([CH2][CH2]2)[CH2]1
874	[O]=[C]([CH]1[CH2][CH2]1)[CH]1[CH2][CH2][O]1
875	[CH3][CH]1[CH2][C](=[O])[CH2][C](=[O])[CH2]1
876	[O]=[C]1[CH2][CH]2[CH2][CH2][O][CH2][CH]12
877	[CH3][c]1[o][cH][c]([CH2][OH])[c]1[CH3]
878	[CH3][C]1([CH2][CH]=[O])[CH2][C](=[O])[CH2]1
879	[CH3][CH]1[CH]2[CH]=[CH][CH]([O]2)[CH]1[OH]
880	[O]=[CH][CH2][C]1([CH2][CH]=[O])[CH2][CH2]1
881	[CH3][C](=[O])[CH2][CH]1[CH]=[CH][CH2][O]1
882	[CH3][C](=[O])[CH2][C@@H]1[CH]=[CH][CH2][O]1
883	[OH][C]12[CH]=[CH][C]([OH])([CH2][CH2]1)[CH2]2
884	[OH][CH]1[CH]=[CH][C]2([CH2][CH2]2)[CH]1[OH]
885	[OH][C@H]1[CH]=[CH][C]2([CH2][CH2]2)[C@H]1[OH]
886	[CH3][C]1=[CH][C](=[O])[C@@H]([OH])[C@H]1[CH3]
887	[CH3][C]1=[CH][C](=[O])[C@@H]([OH])[C@@H]1[CH3]
888	[CH3][CH]([OH])[C]1=[CH][C](=[O])[CH2][CH2]1
889	[CH3][C@@H]([OH])[C]1=[CH][C](=[O])[CH2][CH2]1
890	[CH3][C@H]([OH])[C]1=[CH][C](=[O])[CH2][CH2]1
891	[CH3][C@@H]1[C@@H]2[C](=[O])[O][CH2][C@]12[CH3]
892	[CH3][C@H]1[C@@H]2[C](=[O])[O][CH2][C@]12[CH3]
893	[O]=[C]1[CH2][O][C]2([CH2][CH2][CH2]2)[CH2]1
894	[O]=[C]1[O][CH2][CH2][CH2][C]12[CH2][CH2]2
895	[CH3][O][C](=[O])[CH]1[CH]=[CH][CH2][CH2]1
896	[CH3][O][C](=[O])[C@@H]1[CH]=[CH][CH2][CH2]1
897	[CH3][O][C](=[O])[C@H]1[CH]=[CH][CH2][CH2]1
898	[CH3][C@]12[CH2][CH2][CH2][C@H]1[C](=[O])[O]2
899	[CH3][CH]([CH3])[c]1[cH][c]([OH])[cH][o]1
900	[CH3][O][CH]1[CH]=[CH][CH2][CH2][C]1=[O]
901	[CH3][CH2][O][c]1[cH][o][c]([CH3])[cH]1
902	[O]=[C]1[CH2][CH]=[C]([CH2][OH])[CH2][CH2]1
903	[CH3][O][CH]1[O][CH]2[CH]=[CH][CH]1[CH2]2
904	[O]=[CH][CH]1[CH2][CH2][CH]2[CH2][CH]1[O]2
905	[CH3][CH2][O][CH2][c]1[cH][cH][cH][o]1
906	[O]=[C]1[CH2][CH2][CH2][CH]=[C]1[CH2][OH]
907	[CH3][CH2][C]1=[CH][CH]([OH])[CH2][C]1=[O]
908	[CH3][CH2][C]1=[CH][C@H]([OH])[CH2][C]1=[O]
909	[CH3][CH2][C]1=[CH][C@@H]([OH])[CH2][C]1=[O]
910	[CH3][CH2][CH]1[CH]=[CH][C](=[O])[O][CH2]1
911	[O]=[CH][O][CH]1[CH]=[CH][CH2][CH2][CH2]1
912	[O]=[CH][CH]1[CH2][CH2][CH]([CH]=[O])[CH2]1
913	[O]=[CH][C@@H]1[CH2][CH2][C@H]([CH]=[O])[CH2]1
914	[O]=[CH][C@H]1[CH2][CH2][C@H]([CH]=[O])[CH2]1
915	[CH3][C]1=[CH][CH]([CH3])[CH2][O][C]1=[O]
916	[CH3][C]1=[CH][C@@H]([CH3])[CH2][O][C]1=[O]
917	[CH3][C]1=[CH][C@H]([CH3])[CH2][O][C]1=[O]
